uid	u_occupation
1	1
3	1
4	0
5	1
7	0
8	1
9	0
10	0
12	1
13	0
14	0
15	0
17	0
18	1
20	1
21	1
22	1
23	0
24	0
25	0
26	0
27	1
29	0
30	0
32	0
33	1
34	0
35	0
39	0
41	0
42	1
43	1
45	1
46	1
47	0
48	0
49	1
52	0
53	0
54	0
55	1
56	1
57	1
59	0
60	0
61	0
62	1
63	0
64	0
65	1
66	1
67	1
68	0
70	0
71	1
72	0
73	0
74	1
75	1
76	0
77	0
78	0
79	0
80	0
81	0
82	0
83	1
84	0
86	1
87	1
89	1
90	1
91	0
92	0
93	0
94	0
95	0
97	1
98	0
99	1
100	0
101	1
102	1
103	0
104	1
106	1
107	1
108	1
109	1
110	1
111	1
115	0
117	0
118	0
119	1
121	0
122	0
123	1
124	0
125	1
126	1
127	1
128	1
129	1
130	0
131	0
132	0
133	0
135	0
136	1
137	1
138	1
139	1
140	0
141	1
142	0
143	1
144	0
145	0
146	1
147	0
148	0
151	1
152	0
153	1
154	1
155	1
156	0
157	1
158	0
159	0
160	0
161	1
162	0
163	0
165	1
166	0
167	1
168	0
169	0
170	1
171	0
172	1
173	0
174	1
175	1
176	1
177	0
178	0
179	0
180	1
181	0
182	0
183	0
184	0
185	0
187	0
188	1
189	0
190	0
192	0
193	1
194	1
196	1
197	1
198	1
199	0
200	0
201	1
202	0
203	0
204	0
205	1
206	0
207	1
208	0
209	0
210	1
211	0
212	1
213	0
214	1
215	1
216	1
217	0
218	1
219	0
220	1
221	0
224	0
225	0
226	0
227	1
228	1
229	1
230	0
231	1
233	1
234	0
235	0
236	1
237	1
238	0
241	1
242	0
244	0
245	1
246	0
252	1
253	1
254	0
255	0
256	1
258	0
259	0
260	1
261	1
262	0
264	0
265	0
267	1
268	1
270	1
271	0
272	0
273	0
274	0
275	0
276	1
277	0
278	1
280	0
281	0
282	0
283	0
284	1
285	0
286	0
287	1
288	1
290	1
294	1
295	0
296	1
298	0
299	1
300	0
302	0
304	0
305	0
307	1
308	1
309	0
310	0
311	0
312	1
314	1
315	0
316	1
317	0
318	1
319	1
320	1
322	0
324	0
325	1
326	1
327	1
328	1
329	0
330	0
331	0
332	0
333	1
334	1
336	0
337	1
338	0
339	0
340	1
341	1
342	1
344	1
345	1
347	0
348	0
349	1
350	1
351	0
352	0
353	0
354	0
355	1
356	1
358	0
359	0
360	0
362	1
363	1
364	0
365	0
366	1
367	1
368	0
369	0
371	0
372	0
373	1
374	1
376	0
377	0
378	0
379	0
380	1
382	1
384	1
385	1
386	0
387	0
388	0
389	1
392	0
393	0
394	0
395	1
396	0
397	0
398	0
399	1
400	1
401	0
402	1
403	0
404	0
405	0
406	1
407	0
409	1
412	1
413	1
414	0
415	0
418	1
419	1
420	0
421	1
422	0
424	0
426	0
427	1
428	0
429	0
430	1
431	1
432	1
433	1
434	1
435	0
436	0
437	0
438	1
439	1
441	0
442	0
443	1
444	0
447	1
449	0
450	0
452	0
453	0
454	1
456	0
457	0
459	0
460	1
461	0
462	1
463	0
464	0
465	1
466	1
467	1
468	1
469	1
470	1
471	0
472	0
473	0
474	0
475	1
476	0
477	1
478	1
480	0
482	1
483	1
484	1
485	0
486	0
488	1
490	1
491	0
492	1
493	0
494	0
495	1
496	0
497	0
498	0
499	0
500	1
501	1
502	1
504	1
506	1
507	0
508	1
509	1
512	0
513	0
514	1
515	0
516	1
517	1
518	1
519	1
520	1
521	0
522	1
524	0
527	1
528	0
529	1
530	1
532	0
535	1
537	1
538	1
539	1
540	0
542	0
544	1
545	0
547	1
548	1
549	1
550	1
551	1
553	1
555	0
556	1
557	0
558	1
559	0
560	1
561	1
563	0
564	0
565	1
566	0
567	1
568	0
569	0
571	1
572	0
573	1
574	1
575	1
576	1
577	0
578	0
580	1
581	1
582	0
583	0
584	0
585	0
586	1
587	1
588	1
589	1
590	1
592	0
594	1
595	0
596	0
597	1
598	0
599	1
600	0
601	1
603	1
604	0
606	1
607	0
608	0
609	0
610	0
611	0
612	0
613	1
616	0
617	0
618	0
619	0
620	0
622	0
624	0
625	1
626	0
627	1
628	0
630	1
631	0
633	0
636	1
637	1
638	1
639	0
640	0
641	0
643	1
644	1
645	1
646	0
647	1
648	1
649	0
651	0
652	1
653	1
654	0
655	1
656	1
658	0
659	0
661	0
662	0
663	0
664	1
666	0
667	1
668	1
669	0
670	1
671	0
673	1
674	0
675	1
676	1
677	1
678	0
679	1
680	1
681	0
682	0
683	0
684	0
685	0
686	0
687	0
688	1
690	1
692	0
693	1
694	0
695	0
696	1
697	1
698	0
699	0
700	0
701	0
702	0
703	0
704	1
705	0
706	1
707	0
708	0
710	1
711	1
712	0
713	0
714	0
715	0
717	1
718	1
719	0
720	0
721	1
722	1
723	1
725	1
726	1
727	1
728	1
730	0
733	1
734	0
736	1
737	1
738	0
739	1
740	1
742	0
743	1
745	1
746	1
748	0
750	1
751	0
752	1
754	0
755	0
756	0
757	1
758	0
759	1
760	1
761	0
762	1
763	1
764	1
765	0
766	0
768	1
769	0
770	0
771	0
773	1
774	0
775	0
776	1
778	0
779	0
780	0
782	0
783	0
784	0
785	1
786	0
787	0
788	0
789	0
790	0
791	0
792	0
793	1
794	1
795	1
796	1
797	0
798	1
799	1
800	1
801	1
802	1
804	1
805	1
809	0
811	0
812	1
813	0
814	0
816	0
817	0
818	0
819	0
820	0
821	1
822	0
823	0
824	1
825	0
826	0
827	1
828	0
832	1
833	0
834	1
835	0
836	1
838	0
839	0
840	1
842	0
843	0
845	0
846	1
847	0
848	1
849	1
850	0
851	0
853	0
854	1
855	1
856	1
857	0
858	1
859	1
860	0
861	0
862	0
863	0
865	0
866	1
867	1
868	0
869	1
870	0
871	1
872	0
873	1
874	1
875	1
876	0
877	0
878	1
880	0
881	1
884	1
885	0
886	0
887	1
888	1
889	1
890	0
891	0
892	0
893	1
894	0
895	0
896	1
898	0
899	0
900	1
901	0
902	0
903	1
904	1
905	1
906	1
908	0
909	0
910	0
912	1
913	0
914	1
916	0
917	1
918	0
919	0
921	0
922	1
923	0
926	1
927	1
928	1
929	1
930	1
931	0
932	1
933	0
934	0
935	1
936	0
937	1
938	0
941	1
942	1
943	1
944	0
945	0
946	0
947	0
948	1
949	0
950	0
951	1
952	1
953	1
954	0
955	0
956	0
958	1
960	1
961	1
962	0
963	0
964	0
965	0
966	1
967	0
968	1
969	1
970	0
971	1
972	0
973	0
974	1
975	0
977	1
978	0
979	1
980	1
982	1
983	1
986	0
987	0
988	1
989	0
991	1
992	1
993	0
994	1
996	0
997	1
998	1
999	1
1000	1
1001	0
1002	1
1003	1
1004	1
1005	1
1008	1
1009	0
1013	1
1014	0
1015	1
1016	1
1018	0
1019	0
1020	1
1021	0
1022	1
1023	1
1025	1
1026	0
1027	0
1028	0
1029	0
1030	0
1031	1
1034	0
1035	1
1036	0
1037	0
1038	1
1040	1
1041	1
1042	1
1043	1
1044	1
1045	1
1046	1
1048	1
1049	1
1050	0
1051	0
1053	0
1054	1
1055	0
1056	0
1058	0
1059	0
1060	1
1061	0
1062	1
1063	0
1064	0
1065	0
1066	1
1068	0
1069	1
1070	1
1071	1
1072	0
1073	1
1074	0
1075	1
1076	1
1077	1
1079	0
1080	0
1081	0
1082	0
1085	0
1086	0
1087	1
1089	1
1090	0
1092	0
1093	1
1094	0
1097	0
1098	0
1099	0
1100	0
1102	0
1103	0
1104	1
1105	1
1106	0
1107	0
1108	0
1109	1
1110	1
1111	1
1112	1
1113	0
1114	1
1115	0
1116	1
1117	1
1118	1
1120	0
1122	1
1123	0
1124	1
1125	0
1126	1
1127	0
1128	0
1129	0
1132	1
1134	1
1135	1
1136	0
1137	0
1138	1
1139	0
1140	1
1143	0
1144	0
1145	1
1146	1
1147	1
1148	0
1149	1
1150	1
1152	0
1154	1
1158	0
1159	0
1161	0
1162	0
1163	1
1166	1
1167	0
1168	0
1169	1
1170	1
1171	1
1174	1
1175	1
1176	0
1177	0
1179	0
1180	1
1181	0
1182	1
1183	1
1184	0
1185	0
1186	1
1187	0
1188	0
1189	0
1190	0
1191	0
1192	1
1193	1
1194	0
1195	1
1197	0
1199	1
1200	0
1201	0
1202	1
1204	0
1206	0
1207	0
1209	0
1210	0
1211	0
1212	0
1213	0
1214	1
1215	0
1216	1
1218	1
1219	0
1220	1
1221	0
1225	0
1227	0
1231	1
1233	1
1234	0
1235	0
1236	0
1237	0
1239	1
1240	1
1241	1
1242	0
1243	1
1244	0
1245	0
1246	0
1247	0
1249	1
1250	0
1252	1
1255	0
1256	1
1258	0
1259	0
1260	0
1261	0
1262	0
1263	1
1264	0
1265	1
1266	0
1267	1
1268	1
1269	1
1271	1
1273	1
1274	0
1275	0
1276	0
1277	0
1278	0
1280	1
1282	0
1283	0
1284	1
1285	0
1286	0
1288	1
1289	1
1292	0
1293	1
1294	1
1295	1
1296	0
1297	0
1298	1
1299	1
1300	1
1301	1
1302	0
1303	1
1304	1
1307	1
1308	1
1309	1
1310	0
1312	1
1314	0
1315	0
1316	1
1319	1
1320	0
1322	0
1323	1
1325	0
1326	0
1328	1
1331	0
1332	0
1333	0
1335	0
1336	1
1338	0
1339	1
1340	0
1342	0
1343	1
1344	1
1345	1
1346	1
1347	0
1348	1
1349	0
1351	0
1352	1
1353	1
1354	1
1355	1
1357	0
1358	0
1359	0
1360	1
1362	1
1363	0
1364	1
1366	1
1367	1
1368	1
1369	1
1371	1
1372	1
1373	0
1374	0
1375	1
1377	1
1378	0
1379	1
1380	1
1381	1
1382	0
1384	1
1385	1
1386	0
1387	1
1388	1
1389	0
1390	1
1392	1
1394	1
1397	0
1399	0
1400	0
1401	0
1403	0
1404	1
1405	1
1406	0
1407	1
1408	0
1411	0
1412	0
1413	1
1417	1
1418	0
1419	0
1421	1
1422	0
1423	0
1424	0
1428	1
1430	0
1431	1
1432	0
1433	1
1434	1
1436	1
1437	1
1438	1
1439	1
1440	1
1441	1
1442	1
1443	1
1444	0
1446	1
1447	0
1448	1
1449	1
1450	0
1451	1
1452	1
1453	1
1454	0
1456	1
1457	0
1458	0
1459	0
1460	0
1461	0
1462	1
1464	1
1465	1
1467	1
1468	1
1469	1
1470	0
1471	0
1472	0
1473	1
1475	1
1476	0
1477	0
1478	1
1479	1
1480	1
1481	0
1483	0
1484	1
1485	1
1486	1
1487	0
1488	0
1489	1
1491	0
1492	1
1494	0
1495	0
1496	0
1498	0
1499	1
1500	0
1502	0
1505	1
1506	0
1507	0
1508	1
1509	0
1510	0
1511	1
1512	1
1513	1
1514	0
1515	1
1516	1
1518	1
1521	0
1524	0
1525	1
1526	0
1528	1
1529	0
1530	0
1531	0
1532	1
1534	1
1535	1
1536	1
1538	1
1539	1
1541	0
1542	0
1543	1
1544	1
1545	1
1547	1
1548	0
1549	1
1550	0
1552	1
1553	1
1555	0
1556	0
1557	0
1558	1
1559	1
1560	1
1561	0
1564	0
1567	1
1569	1
1570	0
1572	1
1573	0
1574	1
1575	0
1578	0
1579	0
1580	0
1581	0
1582	0
1584	1
1585	1
1586	0
1587	1
1588	1
1589	0
1590	0
1592	0
1594	1
1595	0
1596	1
1597	1
1598	1
1600	0
1601	1
1602	0
1603	0
1604	1
1605	0
1606	1
1607	0
1609	1
1610	1
1611	0
1612	0
1613	1
1614	0
1615	0
1616	0
1618	0
1619	1
1620	1
1621	0
1622	0
1623	1
1624	0
1625	0
1627	0
1628	1
1629	0
1630	0
1631	0
1632	1
1633	0
1634	0
1635	0
1636	1
1637	0
1639	0
1640	0
1641	0
1642	1
1644	1
1647	1
1650	1
1651	1
1652	1
1653	0
1654	0
1655	0
1658	1
1659	1
1660	1
1661	0
1662	1
1663	0
1664	0
1665	0
1666	1
1667	1
1669	0
1671	0
1672	0
1673	1
1674	1
1675	1
1676	0
1677	1
1678	0
1680	1
1681	0
1682	1
1683	0
1686	1
1687	1
1688	0
1689	1
1691	0
1693	1
1694	1
1695	0
1696	0
1697	0
1698	1
1699	1
1700	1
1701	0
1702	1
1703	1
1704	0
1705	0
1706	1
1707	0
1708	0
1709	0
1710	0
1713	0
1716	0
1717	1
1718	0
1719	1
1720	0
1721	1
1722	0
1723	0
1724	0
1725	1
1726	1
1727	1
1728	0
1730	0
1733	1
1734	0
1735	1
1736	1
1737	1
1738	1
1739	1
1740	0
1741	0
1742	1
1743	0
1744	1
1745	0
1746	0
1747	0
1748	0
1749	1
1750	1
1751	1
1752	1
1753	1
1755	0
1756	0
1757	0
1759	1
1761	0
1762	1
1763	0
1764	0
1765	0
1767	1
1768	1
1769	0
1770	1
1771	0
1772	1
1773	0
1774	0
1775	0
1776	0
1777	1
1778	0
1779	0
1780	0
1781	0
1782	0
1783	0
1784	1
1786	0
1787	1
1788	1
1790	0
1791	0
1792	1
1793	0
1794	1
1796	1
1797	0
1799	1
1800	0
1802	0
1803	1
1804	0
1805	0
1806	0
1807	0
1808	0
1809	1
1810	1
1811	1
1812	1
1813	1
1816	1
1817	0
1818	1
1819	1
1820	1
1821	1
1822	0
1823	0
1824	0
1825	0
1826	1
1828	0
1830	0
1831	0
1832	0
1833	0
1834	1
1835	1
1836	0
1837	1
1838	0
1839	0
1840	1
1841	0
1843	1
1844	0
1845	1
1846	1
1847	0
1848	1
1849	0
1850	1
1851	1
1852	1
1853	0
1855	0
1856	0
1857	1
1858	0
1859	0
1860	1
1861	1
1862	1
1864	0
1865	0
1866	0
1867	0
1868	1
1869	1
1870	1
1871	0
1872	1
1873	0
1874	0
1876	1
1877	1
1878	1
1880	0
1881	1
1882	1
1884	1
1886	1
1887	1
1888	1
1889	1
1890	1
1891	0
1893	0
1895	1
1896	1
1897	1
1901	0
1902	1
1903	0
1904	0
1905	1
1906	1
1907	0
1911	0
1912	0
1913	0
1914	1
1915	1
1917	1
1918	1
1919	0
1920	0
1921	1
1922	0
1923	0
1924	1
1925	0
1926	0
1928	1
1929	1
1930	1
1931	1
1932	0
1933	1
1934	0
1935	1
1936	0
1937	1
1938	1
1939	1
1940	1
1941	0
1942	1
1943	0
1944	0
1945	1
1946	1
1947	0
1949	0
1950	1
1953	1
1954	1
1956	0
1957	0
1960	0
1961	1
1962	0
1963	1
1964	1
1965	0
1966	1
1968	1
1969	1
1970	1
1971	1
1972	0
1973	0
1975	0
1977	1
1978	1
1979	0
1980	0
1981	0
1982	1
1983	1
1987	0
1988	0
1990	0
1991	1
1992	0
1993	0
1994	1
1995	0
1996	0
1997	0
1998	1
1999	1
2000	0
2001	0
2004	1
2005	0
2006	0
2007	1
2008	1
2009	0
2010	0
2012	0
2013	0
2014	0
2015	0
2016	1
2017	0
2018	1
2019	0
2020	0
2021	0
2023	0
2024	1
2026	1
2027	1
2028	1
2030	0
2031	1
2032	1
2033	1
2035	0
2038	0
2039	1
2040	0
2041	1
2042	1
2043	1
2044	0
2045	0
2047	1
2048	1
2049	0
2050	1
2051	0
2052	1
2053	1
2054	1
2055	1
2056	0
2057	0
2059	0
2060	0
2061	0
2062	0
2063	0
2064	0
2065	1
2066	1
2067	1
2068	1
2069	1
2070	1
2071	0
2072	1
2074	0
2075	0
2077	0
2078	0
2079	1
2081	0
2082	1
2083	0
2085	0
2086	1
2087	0
2088	0
2089	0
2091	1
2093	0
2094	1
2096	0
2097	1
2099	0
2101	1
2102	1
2103	1
2104	1
2105	0
2106	1
2107	0
2109	1
2110	1
2111	1
2112	1
2113	1
2114	1
2115	0
2118	1
2119	0
2121	1
2122	1
2123	0
2124	0
2125	1
2126	1
2127	0
2128	0
2129	1
2131	0
2132	1
2133	1
2134	1
2136	1
2137	1
2138	0
2139	1
2140	1
2142	1
2144	0
2146	1
2147	0
2150	0
2151	1
2152	0
2153	1
2154	1
2156	1
2157	1
2158	1
2161	1
2162	1
2163	0
2165	0
2166	1
2167	1
2168	1
2169	0
2170	1
2171	0
2172	1
2173	1
2174	1
2175	0
2176	1
2177	1
2178	1
2179	0
2180	1
2181	0
2184	0
2185	0
2186	1
2187	1
2188	1
2189	1
2190	1
2191	0
2193	1
2194	0
2195	1
2196	1
2199	1
2201	1
2202	1
2203	1
2204	1
2205	0
2206	0
2207	0
2209	0
2211	1
2212	0
2213	0
2214	0
2215	0
2216	1
2217	1
2218	0
2219	1
2220	1
2221	0
2222	0
2223	1
2225	1
2229	0
2230	0
2231	1
2233	1
2234	0
2235	1
2236	1
2237	1
2238	0
2239	1
2241	1
2242	0
2243	1
2244	1
2246	0
2247	1
2248	1
2249	1
2250	1
2251	1
2252	0
2254	1
2255	1
2256	1
2257	0
2258	0
2259	1
2260	1
2261	1
2262	0
2263	1
2264	0
2265	1
2267	1
2268	0
2269	0
2270	0
2271	1
2272	0
2273	1
2274	1
2276	1
2277	1
2278	0
2279	0
2280	1
2282	1
2283	1
2284	1
2286	0
2288	1
2289	0
2290	0
2292	1
2293	1
2294	1
2295	1
2297	1
2298	0
2300	1
2301	1
2302	1
2303	0
2304	1
2306	0
2308	1
2309	0
2311	0
2312	0
2313	1
2315	0
2317	1
2318	0
2319	0
2321	0
2322	1
2323	1
2324	0
2325	0
2326	0
2330	0
2331	0
2332	1
2333	1
2334	0
2335	0
2336	1
2337	0
2339	1
2340	1
2342	1
2344	1
2345	1
2347	0
2348	1
2349	1
2351	0
2352	1
2353	1
2354	1
2355	1
2356	1
2357	1
2358	1
2363	1
2364	1
2365	0
2366	1
2367	1
2368	1
2371	0
2373	0
2374	1
2375	0
2376	0
2377	0
2378	1
2379	1
2380	0
2381	1
2382	1
2383	1
2384	0
2385	1
2386	0
2387	0
2388	1
2390	1
2392	1
2393	1
2394	1
2395	0
2396	0
2397	1
2398	0
2399	0
2400	1
2401	0
2404	0
2406	1
2407	1
2408	0
2409	1
2410	0
2411	1
2412	1
2413	0
2414	0
2416	0
2417	0
2418	1
2419	0
2420	0
2422	1
2424	0
2425	1
2427	1
2428	0
2429	1
2430	0
2431	0
2433	0
2436	0
2438	0
2439	0
2440	0
2441	1
2442	0
2446	0
2447	1
2448	1
2450	1
2451	1
2452	0
2453	0
2455	0
2457	0
2458	0
2459	0
2460	0
2461	0
2462	0
2464	0
2466	1
2467	1
2468	0
2469	0
2470	1
2471	1
2472	1
2474	1
2476	1
2477	0
2478	0
2480	1
2483	1
2484	1
2485	1
2488	1
2489	1
2491	0
2492	1
2494	0
2495	0
2496	0
2497	1
2498	1
2499	0
2500	0
2501	1
2502	1
2503	0
2506	1
2507	0
2509	1
2510	0
2512	1
2513	0
2514	1
2515	1
2516	1
2517	1
2518	0
2521	0
2522	1
2524	1
2525	0
2526	1
2527	1
2528	0
2529	1
2531	0
2532	1
2533	1
2535	1
2536	1
2538	1
2539	0
2540	1
2541	1
2542	1
2543	0
2544	0
2545	1
2546	1
2547	0
2548	1
2549	1
2550	0
2551	1
2552	1
2553	0
2554	0
2555	0
2556	0
2558	0
2559	1
2560	1
2561	1
2562	0
2564	1
2565	1
2566	0
2567	0
2568	0
2569	0
2570	1
2571	0
2572	1
2573	1
2574	1
2575	0
2576	0
2577	0
2578	0
2579	1
2580	0
2581	1
2582	0
2583	0
2584	0
2585	1
2586	1
2587	0
2588	1
2589	0
2592	0
2593	1
2594	0
2596	0
2597	0
2599	1
2600	1
2601	1
2603	0
2604	0
2607	0
2608	0
2609	1
2611	1
2613	0
2614	0
2615	0
2616	0
2617	1
2618	0
2619	1
2620	0
2621	0
2622	1
2623	0
2626	0
2629	1
2630	1
2631	0
2633	1
2634	0
2635	0
2637	1
2638	1
2639	1
2640	1
2641	1
2642	0
2643	0
2644	1
2645	0
2647	1
2648	0
2649	1
2650	0
2651	1
2652	1
2653	0
2654	1
2655	0
2658	0
2659	1
2660	0
2661	1
2664	0
2666	1
2667	1
2668	0
2669	0
2670	1
2671	1
2673	0
2674	0
2675	1
2677	0
2679	0
2681	0
2682	0
2683	0
2684	0
2685	0
2686	0
2687	1
2689	1
2690	0
2691	0
2692	0
2693	1
2695	1
2696	0
2697	0
2699	1
2701	0
2702	1
2703	1
2705	0
2706	0
2707	1
2708	0
2709	0
2710	0
2711	0
2712	1
2713	0
2714	0
2715	0
2716	0
2717	0
2718	0
2719	1
2720	0
2722	0
2723	1
2724	1
2726	1
2727	1
2728	1
2730	1
2731	0
2732	0
2733	0
2734	0
2735	0
2736	1
2738	1
2742	0
2743	1
2744	0
2746	1
2747	0
2748	0
2749	1
2750	1
2753	1
2754	1
2755	0
2756	0
2757	1
2758	1
2760	0
2761	1
2762	1
2763	0
2765	0
2769	0
2770	0
2772	0
2773	1
2775	0
2776	1
2777	0
2778	1
2779	0
2780	0
2781	0
2782	0
2783	0
2785	1
2790	1
2793	0
2794	1
2795	1
2796	1
2797	0
2798	1
2799	0
2801	1
2802	1
2804	0
2805	1
2806	1
2807	1
2808	1
2809	0
2810	1
2811	1
2813	1
2814	0
2815	0
2818	1
2819	1
2820	0
2823	0
2825	1
2826	1
2827	0
2828	0
2830	0
2831	0
2833	1
2834	0
2837	0
2838	0
2839	0
2841	1
2842	0
2843	0
2844	1
2845	0
2846	0
2847	0
2848	0
2850	1
2851	0
2852	1
2853	0
2854	0
2855	0
2856	1
2857	0
2859	0
2861	1
2862	0
2863	1
2864	1
2865	1
2866	0
2867	0
2868	1
2869	0
2870	1
2872	1
2873	0
2874	1
2875	1
2876	0
2878	1
2879	0
2880	1
2881	1
2882	1
2883	1
2884	1
2885	0
2886	0
2887	1
2889	1
2890	0
2892	0
2893	0
2894	0
2895	1
2896	1
2897	1
2898	0
2899	1
2900	1
2901	0
2903	1
2905	0
2906	1
2907	1
2908	1
2910	1
2911	0
2912	0
2913	1
2916	1
2917	0
2918	1
2919	0
2920	1
2921	0
2922	0
2924	0
2925	0
2926	1
2927	1
2928	1
2932	1
2933	1
2934	1
2935	0
2936	0
2938	0
2939	1
2941	1
2942	0
2943	1
2944	0
2945	0
2946	1
2947	0
2948	1
2949	0
2950	0
2951	1
2952	0
2953	1
2954	1
2956	1
2957	0
2958	0
2961	0
2962	1
2963	0
2964	0
2965	0
2966	0
2967	0
2968	0
2969	0
2970	0
2972	0
2973	0
2976	1
2978	1
2979	1
2980	0
2983	0
2984	0
2985	0
2987	0
2989	1
2990	1
2991	0
2993	1
2994	1
2996	0
2997	1
2998	0
3000	0
3002	1
3003	1
3004	0
3005	0
3008	0
3009	1
3010	1
3012	1
3013	0
3014	0
3017	1
3018	0
3020	0
3021	1
3022	0
3024	0
3026	0
3027	0
3028	1
3029	0
3031	0
3033	0
3034	0
3035	0
3036	1
3037	1
3038	1
3039	1
3041	0
3044	1
3045	0
3046	0
3047	0
3048	1
3050	1
3051	0
3052	1
3053	1
3054	0
3055	1
3056	1
3057	1
3058	1
3059	0
3061	1
3062	0
3063	0
3064	0
3065	0
3066	0
3067	0
3068	1
3069	0
3070	0
3072	0
3073	0
3074	0
3075	1
3076	0
3077	0
3078	0
3079	0
3081	0
3082	1
3084	1
3085	0
3086	1
3087	0
3088	0
3089	1
3090	1
3091	0
3092	1
3093	1
3094	0
3095	1
3097	1
3098	0
3099	0
3100	1
3101	1
3104	0
3105	1
3106	0
3107	0
3108	1
3109	1
3110	0
3111	0
3112	1
3113	1
3114	1
3116	1
3117	0
3118	0
3119	0
3121	1
3122	0
3124	1
3126	1
3127	0
3128	1
3129	0
3131	1
3132	0
3133	0
3136	0
3137	1
3138	0
3140	0
3142	1
3143	1
3145	0
3146	0
3147	1
3148	1
3149	0
3150	1
3151	0
3152	0
3153	0
3154	0
3155	0
3156	0
3157	1
3158	1
3160	0
3161	0
3162	0
3163	1
3164	1
3165	0
3166	0
3167	1
3168	1
3169	0
3170	0
3171	1
3172	1
3174	1
3176	0
3177	1
3178	1
3180	1
3181	1
3182	1
3183	0
3185	0
3186	0
3187	1
3188	1
3189	1
3190	0
3192	0
3193	0
3194	1
3195	0
3196	0
3197	1
3198	1
3199	0
3200	0
3201	0
3202	0
3204	1
3205	1
3206	1
3207	0
3209	0
3210	0
3211	1
3213	0
3214	0
3215	1
3216	0
3217	0
3218	1
3219	0
3221	0
3222	0
3225	0
3226	0
3227	1
3228	1
3229	0
3230	1
3231	0
3233	1
3234	0
3235	0
3236	1
3239	1
3243	1
3244	0
3245	1
3246	0
3247	1
3248	0
3249	0
3250	0
3251	0
3252	0
3253	0
3255	1
3256	1
3257	1
3258	1
3260	0
3261	1
3262	1
3263	1
3264	0
3265	1
3266	0
3267	0
3268	1
3269	1
3271	0
3272	0
3273	0
3276	1
3277	0
3278	0
3279	1
3280	0
3282	1
3283	1
3284	1
3285	0
3287	1
3288	1
3289	1
3290	1
3293	1
3294	0
3295	1
3297	0
3298	1
3299	0
3300	1
3301	1
3302	0
3303	0
3304	1
3305	1
3306	1
3307	1
3309	0
3310	1
3311	0
3312	0
3313	1
3314	0
3316	1
3317	0
3318	1
3319	1
3320	0
3322	0
3323	1
3325	1
3326	0
3327	1
3328	1
3329	1
3330	0
3332	0
3334	0
3335	0
3338	1
3339	0
3340	1
3342	1
3343	0
3344	0
3346	0
3347	0
3348	1
3349	0
3350	0
3351	1
3352	0
3353	0
3354	0
3355	0
3356	0
3358	0
3359	1
3360	0
3361	0
3362	0
3363	1
3364	1
3365	0
3366	1
3367	1
3368	1
3369	1
3370	0
3371	1
3372	1
3373	1
3374	1
3376	1
3377	0
3378	0
3379	0
3381	0
3382	1
3383	1
3384	0
3385	1
3386	0
3387	0
3388	0
3389	0
3390	1
3392	1
3393	1
3395	0
3396	1
3398	1
3400	1
3401	0
3402	1
3403	1
3405	1
3406	0
3407	1
3408	0
3409	0
3412	1
3413	0
3414	0
3415	0
3417	1
3418	1
3419	0
3420	0
3421	0
3422	1
3423	0
3424	1
3425	1
3426	1
3427	1
3428	0
3429	0
3430	0
3432	1
3433	1
3434	0
3435	0
3436	0
3437	0
3438	0
3439	0
3440	0
3441	1
3442	1
3443	0
3444	1
3449	1
3450	1
3451	1
3452	1
3454	0
3455	0
3457	1
3459	0
3460	0
3461	0
3463	1
3464	1
3465	1
3466	1
3467	1
3468	1
3470	0
3471	0
3474	1
3476	0
3477	0
3478	0
3480	0
3481	0
3482	0
3483	0
3484	0
3486	0
3488	0
3489	0
3490	0
3491	1
3492	0
3493	0
3494	0
3495	0
3496	1
3497	1
3498	0
3500	0
3501	0
3503	0
3504	0
3505	1
3506	1
3507	0
3509	0
3511	0
3512	0
3513	1
3514	1
3515	1
3516	0
3518	0
3519	1
3520	0
3521	0
3522	0
3523	0
3524	0
3525	0
3526	1
3527	0
3528	1
3529	0
3531	1
3532	1
3533	1
3535	1
3536	0
3537	1
3538	0
3539	0
3540	0
3541	1
3543	0
3544	0
3545	1
3546	1
3548	0
3549	0
3551	0
3552	1
3554	1
3555	0
3557	1
3558	0
3559	0
3560	1
3561	1
3562	1
3565	1
3566	0
3567	1
3568	0
3569	1
3570	1
3571	0
3572	1
3573	1
3574	1
3575	1
3576	0
3577	0
3579	0
3580	1
3581	0
3582	0
3583	1
3584	0
3585	1
3586	1
3587	1
3588	1
3590	1
3591	1
3592	1
3593	1
3594	0
3595	0
3596	0
3597	0
3598	0
3600	1
3602	1
3603	0
3604	1
3605	1
3607	0
3608	1
3610	1
3611	1
3612	1
3613	0
3615	0
3616	0
3617	0
3618	0
3619	1
3620	0
3621	0
3622	0
3623	1
3624	1
3625	1
3626	0
3627	0
3629	0
3630	0
3631	0
3632	1
3634	0
3636	0
3637	1
3638	1
3639	0
3641	0
3642	0
3645	0
3647	0
3650	0
3651	1
3652	1
3653	1
3655	0
3656	1
3657	0
3659	0
3660	0
3661	1
3662	1
3663	1
3665	0
3666	0
3668	0
3670	1
3671	0
3672	1
3673	1
3674	1
3675	0
3676	1
3677	1
3678	0
3679	0
3680	0
3682	0
3683	1
3685	1
3686	0
3687	0
3688	1
3689	0
3690	0
3691	0
3692	0
3693	1
3694	1
3696	0
3697	1
3698	0
3700	1
3701	0
3702	1
3703	1
3704	0
3706	1
3707	0
3708	0
3710	1
3711	0
3712	0
3713	0
3714	0
3716	1
3717	0
3719	0
3720	0
3721	1
3722	1
3723	1
3724	1
3725	0
3729	0
3730	0
3732	0
3733	0
3734	0
3735	0
3736	0
3737	1
3738	0
3743	0
3745	1
3747	1
3748	0
3750	0
3751	1
3752	0
3753	0
3754	0
3755	1
3756	1
3757	0
3758	1
3759	1
3760	0
3761	0
3762	1
3763	1
3764	0
3765	1
3766	0
3767	0
3768	0
3769	1
3770	1
3772	0
3773	1
3775	1
3777	0
3778	0
3779	1
3780	0
3781	1
3782	0
3783	0
3788	0
3789	0
3790	0
3791	1
3792	1
3794	0
3795	0
3796	1
3797	0
3798	0
3799	0
3801	1
3802	0
3804	1
3805	0
3806	0
3807	1
3809	1
3810	0
3811	1
3812	0
3813	0
3815	0
3816	1
3819	1
3820	0
3821	1
3822	1
3823	0
3824	0
3825	0
3826	0
3827	1
3828	1
3831	1
3832	0
3833	0
3834	1
3835	0
3836	1
3837	0
3838	1
3839	1
3840	0
3841	1
3842	1
3844	0
3845	1
3846	0
3847	0
3848	1
3849	0
3850	1
3851	1
3852	1
3854	1
3855	0
3856	1
3857	1
3858	1
3860	0
3861	0
3862	0
3863	0
3864	1
3865	1
3866	1
3868	1
3869	0
3870	0
3871	0
3872	0
3873	1
3874	0
3875	0
3876	0
3877	0
3878	1
3879	1
3880	0
3881	1
3882	1
3884	0
3885	1
3886	0
3887	0
3889	1
3890	0
3891	1
3892	1
3894	1
3895	0
3898	1
3900	1
3901	1
3902	1
3904	1
3905	0
3907	1
3909	0
3910	1
3911	0
3912	0
3913	0
3914	0
3916	0
3918	1
3919	0
3920	0
3921	1
3922	0
3923	1
3925	1
3926	1
3927	1
3928	0
3929	1
3930	1
3931	1
3932	0
3933	1
3934	0
3935	1
3936	1
3937	1
3938	1
3939	0
3940	1
3941	0
3942	0
3943	0
3944	1
3945	0
3947	0
3948	1
3949	0
3950	0
3951	0
3952	0
3953	1
3954	0
3955	0
3958	0
3959	0
3960	1
3961	0
3963	1
3964	1
3966	0
3967	1
3969	0
3970	1
3971	0
3972	1
3973	0
3975	1
3976	0
3977	1
3978	1
3979	1
3980	0
3981	0
3982	1
3983	0
3984	0
3985	1
3986	0
3987	0
3988	1
3989	1
3990	1
3992	0
3994	0
3998	0
3999	0
4000	0
4001	0
4002	1
4003	1
4004	0
4005	0
4006	0
4008	0
4009	0
4010	1
4011	0
4012	0
4013	0
4015	1
4016	0
4018	1
4019	0
4020	1
4022	1
4024	1
4025	1
4026	0
4027	0
4029	1
4031	0
4032	1
4034	0
4035	0
4036	0
4037	1
4038	1
4040	1
4041	1
4042	1
4043	1
4044	1
4045	1
4046	0
4047	0
4049	1
4051	1
4052	1
4053	1
4055	0
4056	1
4057	1
4058	1
4059	1
4060	1
4061	1
4062	0
4063	0
4065	1
4066	0
4067	1
4068	1
4069	1
4070	1
4071	0
4073	1
4074	1
4075	1
4076	0
4077	1
4078	1
4079	0
4081	1
4082	1
4083	1
4085	1
4086	1
4089	0
4090	1
4091	0
4093	0
4094	0
4095	0
4096	1
4097	0
4098	0
4099	0
4101	0
4103	1
4104	1
4105	0
4106	1
4107	0
4108	0
4109	1
4111	1
4113	0
4115	1
4116	0
4117	0
4118	1
4120	1
4121	0
4122	1
4123	0
4124	1
4125	1
4126	0
4127	0
4128	1
4129	1
4130	1
4132	0
4133	0
4134	1
4135	1
4136	1
4137	0
4139	1
4141	0
4142	0
4143	1
4144	0
4146	0
4150	0
4151	1
4152	1
4154	0
4155	0
4158	1
4160	1
4161	0
4162	1
4163	0
4164	0
4165	1
4166	0
4167	1
4168	1
4169	0
4170	0
4171	1
4172	0
4173	1
4174	1
4175	0
4176	0
4177	0
4179	1
4181	0
4183	0
4184	0
4185	1
4186	0
4188	0
4189	1
4190	0
4191	1
4192	0
4193	1
4194	0
4196	1
4197	0
4199	1
4201	0
4202	0
4204	0
4205	1
4206	0
4207	0
4208	0
4209	0
4210	0
4211	1
4212	1
4213	0
4214	0
4215	0
4216	0
4218	0
4219	0
4220	0
4222	0
4224	0
4226	1
4227	1
4228	1
4229	0
4230	1
4231	1
4232	1
4233	0
4234	1
4235	1
4236	1
4237	1
4239	0
4240	0
4241	0
4242	0
4245	1
4246	0
4247	0
4248	0
4249	0
4252	1
4254	0
4255	1
4257	1
4258	0
4259	0
4261	1
4262	1
4263	0
4264	0
4265	1
4268	1
4269	1
4271	0
4274	0
4275	1
4276	0
4277	1
4278	0
4279	1
4281	1
4283	1
4284	0
4285	0
4287	0
4288	1
4290	0
4291	1
4292	0
4293	1
4294	1
4295	1
4296	1
4298	1
4299	1
4300	0
4301	1
4302	0
4303	1
4304	0
4305	0
4306	0
4307	0
4308	0
4309	0
4310	0
4311	1
4313	0
4314	0
4315	0
4317	1
4318	1
4319	0
4320	1
4321	0
4322	1
4323	0
4325	0
4326	1
4327	0
4328	1
4329	1
4330	1
4332	1
4334	0
4335	0
4336	0
4337	1
4338	1
4339	1
4340	0
4343	1
4344	0
4345	1
4346	0
4347	1
4348	0
4350	1
4351	1
4352	0
4353	0
4356	1
4357	1
4358	0
4359	0
4360	1
4361	1
4362	0
4364	1
4365	1
4367	0
4368	0
4369	0
4371	0
4372	0
4373	1
4375	1
4376	1
4377	0
4378	0
4379	0
4381	0
4382	1
4383	0
4384	0
4385	0
4386	1
4387	0
4389	0
4390	0
4391	0
4392	0
4393	0
4394	0
4395	1
4396	0
4397	0
4398	0
4399	0
4400	0
4401	0
4402	1
4403	1
4404	0
4405	1
4406	1
4407	0
4408	1
4409	1
4411	0
4412	0
4414	0
4415	0
4416	0
4417	1
4418	0
4420	1
4422	1
4424	0
4425	0
4426	0
4427	0
4428	1
4429	1
4430	0
4432	1
4433	0
4434	0
4435	0
4436	1
4437	1
4438	0
4441	0
4442	1
4443	1
4444	1
4446	1
4447	1
4449	1
4450	1
4451	1
4452	0
4453	0
4454	1
4456	1
4458	0
4459	0
4460	1
4461	1
4463	0
4464	0
4465	0
4466	1
4468	0
4469	1
4470	1
4471	1
4472	1
4473	0
4474	0
4475	0
4476	0
4477	0
4479	1
4480	0
4481	1
4482	0
4483	1
4484	0
4485	0
4488	0
4489	0
4490	1
4491	0
4492	1
4493	1
4494	0
4495	0
4496	1
4497	0
4498	0
4499	1
4500	0
4501	0
4502	0
4504	0
4505	0
4507	0
4508	1
4509	0
4511	0
4512	0
4513	0
4515	1
4516	0
4517	0
4518	0
4519	0
4520	0
4521	1
4523	1
4524	1
4525	1
4528	1
4529	1
4530	0
4531	0
4532	0
4533	1
4538	1
4540	1
4541	1
4542	0
4544	0
4545	1
4547	1
4548	1
4549	1
4550	1
4551	1
4553	1
4554	1
4555	1
4556	1
4557	1
4558	1
4559	0
4561	1
4562	1
4563	1
4564	1
4565	1
4568	0
4569	0
4570	0
4571	0
4572	1
4573	1
4574	0
4575	1
4576	0
4577	0
4578	0
4580	1
4581	0
4582	0
4585	0
4586	0
4587	1
4588	0
4589	0
4590	1
4591	1
4592	0
4593	0
4594	1
4595	1
4596	0
4597	0
4598	1
4599	0
4600	0
4604	1
4605	1
4606	1
4607	0
4608	0
4610	0
4611	0
4612	0
4613	1
4614	0
4615	0
4616	1
4617	1
4618	1
4619	0
4620	0
4621	0
4623	1
4624	1
4625	0
4626	1
4627	0
4628	1
4629	0
4631	0
4632	0
4633	0
4634	1
4635	0
4636	1
4637	1
4638	0
4640	0
4641	0
4642	0
4643	0
4645	1
4646	1
4647	1
4648	0
4649	1
4650	0
4651	0
4652	0
4654	1
4655	0
4656	0
4657	1
4658	0
4659	1
4660	0
4661	1
4662	0
4666	0
4667	1
4668	1
4669	0
4670	1
4671	1
4672	1
4673	1
4674	0
4675	0
4676	1
4677	1
4678	1
4679	1
4680	0
4681	1
4682	0
4683	0
4686	0
4687	1
4688	1
4689	1
4690	1
4691	0
4692	0
4693	0
4694	0
4695	1
4696	1
4697	1
4698	1
4699	0
4700	0
4701	0
4702	1
4703	0
4704	1
4705	0
4707	0
4709	0
4711	0
4712	0
4713	0
4714	0
4715	1
4717	0
4718	0
4719	1
4722	1
4723	0
4724	1
4725	1
4726	1
4727	0
4729	1
4730	1
4731	0
4733	1
4735	1
4738	0
4739	1
4741	0
4742	1
4743	1
4746	0
4747	0
4748	1
4752	0
4753	0
4754	0
4755	0
4756	1
4757	0
4758	1
4759	0
4760	0
4761	1
4762	1
4763	1
4764	1
4765	1
4767	1
4769	0
4770	0
4771	0
4772	0
4775	0
4776	1
4780	1
4781	1
4784	1
4786	1
4788	0
4789	1
4790	1
4791	0
4794	0
4795	1
4796	0
4797	0
4798	0
4799	0
4800	0
4801	0
4802	0
4803	1
4805	0
4806	0
4807	1
4808	0
4809	0
4810	1
4814	1
4817	0
4818	0
4819	1
4820	1
4821	1
4822	0
4823	0
4825	0
4826	1
4827	0
4828	1
4830	1
4831	0
4832	1
4833	1
4834	1
4835	1
4837	1
4839	1
4842	0
4844	0
4845	0
4846	1
4847	1
4850	1
4851	0
4852	0
4853	0
4854	1
4855	1
4856	0
4857	1
4858	0
4859	1
4860	1
4861	0
4862	0
4863	1
4864	1
4865	1
4866	1
4868	0
4869	1
4870	1
4871	1
4872	0
4875	0
4876	0
4877	0
4879	1
4880	1
4881	1
4882	1
4883	1
4884	1
4885	0
4887	1
4888	0
4889	0
4890	0
4891	0
4892	1
4893	0
4894	0
4895	1
4896	1
4897	1
4898	0
4899	1
4900	1
4901	0
4902	1
4903	1
4904	1
4905	0
4906	0
4907	0
4908	1
4909	1
4910	1
4912	1
4914	0
4915	1
4916	1
4917	0
4919	0
4920	0
4923	1
4924	0
4925	1
4926	1
4927	0
4928	1
4929	0
4930	0
4931	0
4932	0
4933	1
4934	0
4935	0
4937	0
4938	0
4940	1
4941	1
4943	0
4944	0
4946	0
4947	0
4948	1
4949	0
4950	1
4951	0
4952	1
4953	1
4954	0
4955	1
4956	1
4957	1
4958	0
4959	0
4962	1
4966	1
4968	1
4972	0
4973	1
4974	1
4975	0
4976	1
4977	0
4978	1
4979	1
4981	0
4982	1
4983	1
4986	1
4987	1
4988	0
4989	0
4990	0
4991	1
4992	1
4993	0
4994	0
4997	1
4998	0
4999	1
5000	0
5001	1
5002	0
5004	0
5005	1
5006	1
5007	0
5009	1
5010	1
5013	0
5014	0
5015	1
5016	0
5018	1
5019	0
5020	1
5021	1
5022	0
5023	1
5024	0
5027	1
5028	1
5029	0
5030	0
5031	0
5033	1
5034	1
5035	0
5036	0
5037	1
5038	1
5039	0
5040	1
5041	1
5042	1
5043	1
5044	1
5045	0
5046	1
5047	1
5048	0
5050	0
5051	0
5052	1
5053	0
5054	1
5055	1
5056	0
5057	0
5060	0
5061	1
5062	1
5063	1
5064	0
5065	1
5066	0
5067	1
5068	0
5069	0
5071	0
5072	0
5073	1
5074	0
5075	1
5076	1
5077	1
5078	0
5079	0
5080	1
5081	0
5082	0
5083	0
5084	0
5085	0
5086	0
5087	1
5089	1
5091	0
5092	1
5093	0
5094	1
5095	0
5096	1
5097	1
5098	0
5099	0
5100	1
5102	1
5103	1
5104	1
5107	0
5108	1
5109	1
5110	1
5111	1
5112	1
5113	0
5114	1
5115	1
5116	1
5117	0
5118	1
5119	0
5120	0
5121	0
5122	0
5124	1
5125	0
5126	1
5127	1
5128	0
5130	0
5131	0
5133	1
5134	0
5136	1
5137	1
5138	0
5140	1
5141	0
5142	0
5143	0
5144	0
5146	0
5147	0
5148	1
5149	0
5150	1
5151	1
5152	0
5153	0
5154	1
5155	1
5156	1
5157	0
5158	0
5159	0
5160	0
5162	0
5163	1
5164	0
5165	1
5166	1
5167	1
5168	0
5169	0
5171	0
5172	1
5173	1
5174	0
5175	1
5176	1
5177	1
5179	1
5180	1
5181	0
5182	0
5184	1
5185	0
5186	1
5187	1
5188	1
5189	0
5190	0
5191	0
5192	0
5193	1
5194	0
5195	0
5196	0
5198	0
5199	0
5201	0
5203	1
5204	1
5206	0
5207	0
5208	0
5209	0
5210	0
5211	0
5212	1
5213	0
5215	1
5216	1
5217	0
5218	0
5220	0
5221	0
5222	1
5223	1
5224	0
5225	0
5226	0
5227	1
5228	0
5229	0
5230	1
5231	0
5233	1
5234	0
5235	0
5236	1
5237	0
5238	1
5239	0
5240	0
5241	0
5242	0
5243	1
5244	0
5245	0
5246	0
5248	1
5249	1
5250	1
5251	0
5252	1
5253	1
5256	1
5257	1
5258	0
5259	1
5260	0
5261	1
5262	1
5263	0
5264	0
5266	0
5267	0
5268	1
5269	0
5270	1
5271	0
5272	0
5273	1
5274	0
5276	0
5277	1
5278	0
5280	0
5281	1
5284	1
5285	0
5287	1
5290	0
5291	0
5292	0
5293	1
5294	1
5295	0
5296	0
5298	0
5299	1
5300	1
5301	0
5302	1
5303	1
5304	1
5306	0
5307	1
5308	0
5309	0
5310	0
5311	0
5312	0
5314	0
5316	0
5317	0
5319	0
5320	1
5322	0
5323	1
5324	0
5325	0
5327	0
5328	0
5329	1
5330	0
5331	1
5332	0
5333	0
5334	1
5336	0
5337	1
5338	0
5339	0
5340	1
5341	1
5342	0
5343	1
5344	0
5345	0
5346	1
5348	1
5349	1
5352	1
5354	1
5355	0
5356	0
5358	0
5361	1
5363	1
5364	1
5365	1
5367	0
5369	1
5370	1
5373	1
5374	0
5375	0
5376	0
5377	1
5378	1
5380	0
5381	1
5382	0
5383	0
5384	1
5385	1
5387	0
5388	0
5390	0
5391	0
5392	0
5393	0
5394	0
5395	0
5396	1
5397	0
5398	0
5399	0
5400	0
5401	0
5402	0
5403	1
5404	0
5405	0
5406	0
5407	0
5409	0
5411	1
5412	1
5413	0
5414	1
5415	0
5416	1
5417	0
5418	0
5419	1
5420	1
5421	0
5422	0
5426	1
5428	1
5429	0
5430	0
5431	0
5432	1
5433	0
5434	0
5435	1
5436	0
5437	1
5439	1
5440	1
5441	0
5442	0
5443	1
5444	0
5445	0
5446	0
5447	1
5448	1
5450	1
5451	0
5452	1
5453	0
5454	0
5456	0
5457	1
5458	1
5459	1
5460	0
5461	0
5462	0
5464	0
5465	0
5466	1
5467	0
5468	1
5469	1
5470	0
5471	0
5472	0
5473	0
5474	1
5478	0
5479	0
5481	1
5482	0
5483	1
5484	0
5485	0
5486	0
5487	0
5488	1
5489	0
5490	0
5493	1
5494	0
5495	0
5497	0
5499	1
5501	1
5502	1
5503	1
5504	0
5505	0
5506	1
5507	0
5508	1
5509	0
5510	0
5511	0
5512	0
5513	0
5514	1
5516	1
5517	0
5518	0
5519	1
5521	1
5522	1
5523	0
5525	1
5527	0
5528	0
5529	1
5530	0
5531	0
5532	0
5533	1
5534	1
5535	1
5536	1
5538	1
5539	1
5540	0
5541	0
5543	0
5544	1
5546	1
5548	0
5549	1
5550	1
5551	1
5552	0
5553	1
5554	0
5555	1
5557	1
5558	1
5560	0
5561	1
5564	1
5565	0
5566	0
5567	1
5568	0
5569	0
5570	0
5571	1
5572	0
5573	0
5574	0
5575	0
5577	0
5578	0
5579	0
5580	0
5581	0
5582	0
5583	1
5584	0
5586	1
5587	0
5589	0
5590	1
5592	0
5593	1
5594	0
5595	1
5596	1
5597	0
5598	0
5599	0
5601	0
5602	0
5604	1
5606	1
5607	0
5608	1
5609	0
5611	0
5612	0
5613	0
5614	0
5615	0
5617	1
5619	0
5622	1
5623	1
5624	0
5625	0
5626	1
5627	0
5628	0
5629	1
5631	1
5635	1
5638	0
5640	0
5642	1
5643	0
5644	0
5645	1
5646	0
5647	0
5648	0
5650	1
5651	1
5653	0
5654	0
5655	1
5657	1
5658	0
5659	0
5660	1
5661	1
5662	1
5663	1
5664	0
5666	1
5667	0
5669	0
5672	0
5673	0
5674	0
5675	1
5676	1
5677	0
5678	0
5679	1
5682	0
5683	1
5684	1
5685	0
5686	1
5687	0
5688	0
5690	0
5691	1
5692	0
5693	0
5694	1
5695	1
5696	1
5698	1
5699	1
5700	1
5701	0
5702	0
5703	0
5705	0
5707	1
5708	0
5710	1
5711	0
5712	0
5713	0
5714	1
5715	0
5716	1
5717	0
5718	1
5721	1
5722	1
5724	1
5725	1
5726	0
5727	0
5728	1
5729	1
5730	0
5732	1
5733	0
5734	1
5735	1
5736	0
5737	1
5740	0
5741	1
5742	1
5743	0
5745	0
5746	1
5747	0
5748	0
5749	1
5750	0
5751	0
5752	0
5753	0
5755	1
5756	1
5757	1
5758	0
5759	0
5760	1
5761	1
5762	1
5764	1
5765	1
5767	1
5768	0
5770	0
5771	0
5772	0
5773	1
5774	0
5775	1
5776	1
5777	0
5778	1
5779	1
5781	1
5782	0
5783	0
5784	1
5786	1
5787	1
5788	0
5789	0
5790	0
5791	0
5793	1
5794	0
5795	0
5796	0
5797	0
5798	0
5799	1
5800	1
5802	0
5803	1
5804	0
5805	0
5806	0
5808	0
5809	0
5810	1
5811	0
5812	0
5813	0
5814	0
5816	0
5818	0
5819	1
5820	0
5821	1
5822	0
5823	1
5824	1
5825	0
5826	0
5829	0
5830	0
5831	0
5832	0
5833	0
5834	1
5835	0
5836	0
5838	0
5839	0
5840	0
5841	0
5842	0
5843	0
5845	1
5846	1
5847	0
5849	0
5850	0
5852	0
5853	1
5854	0
5856	0
5857	1
5858	0
5860	0
5861	0
5862	1
5863	1
5865	0
5866	1
5867	1
5869	0
5871	0
5872	0
5873	1
5874	0
5876	0
5877	1
5880	0
5881	0
5882	0
5883	0
5885	0
5886	1
5887	1
5888	1
5889	1
5890	1
5891	0
5893	0
5894	0
5896	0
5898	0
5899	0
5900	0
5901	0
5902	1
5904	1
5905	1
5906	0
5907	1
5908	0
5911	0
5912	0
5914	1
5915	0
5916	1
5918	1
5919	0
5920	0
5922	1
5923	0
5924	0
5925	0
5926	0
5927	1
5929	0
5930	0
5931	0
5932	1
5933	1
5934	1
5935	0
5937	1
5938	0
5939	1
5941	0
5942	0
5943	0
5944	1
5947	1
5948	1
5949	0
5951	0
5953	1
5954	1
5957	1
5958	1
5959	0
5960	0
5961	0
5963	1
5964	1
5965	0
5966	1
5967	1
5968	0
5969	1
5970	1
5971	0
5972	1
5973	1
5974	0
5975	1
5976	0
5978	0
5979	0
5980	0
5982	0
5983	1
5984	0
5985	0
5986	0
5987	1
5989	1
5990	1
5991	1
5992	0
5993	1
5994	0
5995	0
5996	0
5997	0
5998	0
5999	0
6002	0
6003	0
6004	1
6006	0
6007	0
6008	0
6009	1
6010	0
6011	1
6012	1
6013	1
6015	1
6016	0
6019	0
6021	1
6022	0
6023	0
6024	1
6025	0
6026	1
6027	0
6028	0
6030	0
6031	0
6032	0
6033	1
6035	0
6036	1
6038	0
6039	0
