uid	u_activity
1	0
3	0
4	0
5	1
7	0
8	1
9	1
10	1
12	0
13	1
14	0
15	1
17	1
18	1
20	0
21	0
22	1
23	1
24	1
25	0
26	1
27	0
29	1
30	0
32	0
33	1
34	1
35	1
39	0
41	0
42	1
43	0
45	1
46	0
47	0
48	1
49	1
52	0
53	1
54	0
55	0
56	0
57	0
59	1
60	0
61	0
62	1
63	1
64	0
65	1
66	0
67	0
68	0
70	0
71	0
72	0
73	1
74	0
75	1
76	0
77	0
78	1
79	0
80	0
81	0
82	1
83	1
84	0
86	0
87	0
89	0
90	1
91	0
92	1
93	1
94	0
95	1
97	1
98	0
99	1
100	0
101	1
102	1
103	1
104	0
106	0
107	1
108	0
109	0
110	0
111	0
115	0
117	1
118	1
119	1
121	0
122	0
123	1
124	0
125	0
126	0
127	1
128	0
129	1
130	1
131	1
132	0
133	1
135	0
136	1
137	1
138	0
139	1
140	0
141	0
142	0
143	0
144	0
145	0
146	1
147	1
148	1
151	1
152	0
153	0
154	0
155	0
156	1
157	1
158	0
159	0
160	0
161	1
162	1
163	1
165	1
166	1
167	0
168	0
169	1
170	0
171	0
172	0
173	1
174	1
175	1
176	0
177	0
178	1
179	1
180	0
181	1
182	0
183	1
184	0
185	0
187	1
188	0
189	0
190	1
192	1
193	1
194	0
196	0
197	0
198	1
199	1
200	0
201	0
202	1
203	1
204	1
205	1
206	0
207	0
208	1
209	0
210	1
211	0
212	1
213	0
214	1
215	0
216	1
217	0
218	0
219	0
220	1
221	0
224	1
225	1
226	0
227	0
228	0
229	1
230	1
231	1
233	0
234	0
235	1
236	0
237	1
238	1
241	0
242	1
244	0
245	1
246	0
252	0
253	0
254	0
255	1
256	0
258	1
259	1
260	1
261	1
262	1
264	1
265	1
267	1
268	1
270	1
271	1
272	1
273	1
274	1
275	0
276	0
277	0
278	1
280	0
281	1
282	0
283	0
284	1
285	1
286	0
287	1
288	0
290	0
294	0
295	1
296	1
298	0
299	1
300	1
302	1
304	0
305	1
307	1
308	1
309	1
310	1
311	0
312	0
314	1
315	0
316	0
317	0
318	0
319	1
320	0
322	0
324	0
325	0
326	1
327	1
328	0
329	1
330	0
331	1
332	0
333	1
334	0
336	1
337	1
338	1
339	1
340	1
341	0
342	1
344	0
345	0
347	1
348	1
349	1
350	0
351	1
352	1
353	0
354	0
355	1
356	0
358	0
359	0
360	0
362	0
363	0
364	0
365	0
366	1
367	0
368	1
369	0
371	0
372	1
373	0
374	0
376	1
377	1
378	0
379	0
380	1
382	0
384	0
385	1
386	1
387	0
388	0
389	0
392	1
393	0
394	0
395	0
396	1
397	0
398	1
399	0
400	0
401	0
402	1
403	1
404	0
405	0
406	1
407	0
409	1
412	1
413	1
414	0
415	1
418	0
419	1
420	0
421	0
422	0
424	1
426	1
427	0
428	0
429	1
430	0
431	0
432	0
433	0
434	0
435	1
436	1
437	0
438	1
439	0
441	0
442	1
443	0
444	1
447	0
449	0
450	0
452	1
453	1
454	1
456	1
457	1
459	0
460	0
461	1
462	1
463	1
464	0
465	0
466	1
467	0
468	0
469	0
470	0
471	1
472	0
473	0
474	1
475	1
476	1
477	1
478	0
480	1
482	1
483	0
484	0
485	0
486	0
488	0
490	0
491	0
492	0
493	1
494	1
495	0
496	1
497	0
498	1
499	1
500	1
501	0
502	0
504	1
506	0
507	0
508	1
509	1
512	0
513	1
514	0
515	1
516	1
517	1
518	1
519	0
520	1
521	0
522	0
524	1
527	0
528	1
529	1
530	1
532	0
535	0
537	1
538	0
539	1
540	0
542	0
544	0
545	0
547	0
548	1
549	1
550	1
551	1
553	0
555	0
556	1
557	0
558	1
559	0
560	1
561	0
563	1
564	0
565	0
566	1
567	0
568	0
569	1
571	1
572	0
573	0
574	0
575	1
576	0
577	1
578	0
580	0
581	0
582	0
583	1
584	0
585	1
586	0
587	1
588	1
589	0
590	1
592	0
594	1
595	1
596	0
597	0
598	0
599	0
600	0
601	1
603	0
604	1
606	0
607	0
608	1
609	0
610	1
611	1
612	0
613	1
616	0
617	0
618	0
619	0
620	1
622	0
624	1
625	0
626	0
627	0
628	0
630	1
631	1
633	0
636	0
637	1
638	1
639	1
640	0
641	1
643	0
644	1
645	0
646	1
647	1
648	1
649	0
651	1
652	1
653	0
654	1
655	1
656	1
658	0
659	1
661	0
662	1
663	1
664	1
666	1
667	1
668	0
669	1
670	0
671	1
673	1
674	0
675	0
676	1
677	1
678	1
679	0
680	0
681	0
682	0
683	0
684	0
685	1
686	0
687	1
688	0
690	1
692	1
693	0
694	0
695	1
696	1
697	1
698	1
699	1
700	0
701	0
702	1
703	0
704	0
705	1
706	1
707	0
708	0
710	1
711	1
712	1
713	1
714	1
715	1
717	0
718	1
719	0
720	1
721	1
722	0
723	0
725	0
726	0
727	1
728	1
730	0
733	1
734	0
736	1
737	1
738	0
739	1
740	0
742	0
743	1
745	0
746	1
748	0
750	0
751	0
752	1
754	1
755	1
756	0
757	1
758	0
759	1
760	0
761	0
762	0
763	0
764	1
765	1
766	0
768	0
769	0
770	1
771	0
773	0
774	1
775	0
776	1
778	1
779	0
780	1
782	0
783	1
784	0
785	1
786	0
787	1
788	1
789	1
790	0
791	1
792	0
793	1
794	0
795	1
796	1
797	0
798	1
799	0
800	1
801	1
802	1
804	0
805	0
809	0
811	0
812	0
813	0
814	0
816	1
817	1
818	1
819	0
820	1
821	0
822	1
823	1
824	1
825	0
826	0
827	0
828	1
832	1
833	0
834	0
835	0
836	0
838	1
839	1
840	1
842	0
843	1
845	0
846	1
847	0
848	0
849	1
850	1
851	0
853	1
854	1
855	1
856	0
857	0
858	1
859	1
860	0
861	0
862	1
863	0
865	0
866	0
867	0
868	0
869	1
870	0
871	0
872	1
873	1
874	0
875	0
876	1
877	1
878	0
880	1
881	1
884	1
885	0
886	0
887	0
888	0
889	1
890	1
891	1
892	0
893	1
894	0
895	0
896	0
898	0
899	1
900	0
901	0
902	0
903	0
904	1
905	1
906	0
908	0
909	0
910	1
912	0
913	0
914	0
916	0
917	0
918	1
919	1
921	1
922	1
923	0
926	1
927	1
928	1
929	1
930	1
931	1
932	0
933	0
934	1
935	1
936	0
937	1
938	0
941	0
942	0
943	0
944	0
945	1
946	0
947	0
948	1
949	1
950	0
951	0
952	1
953	1
954	1
955	1
956	1
958	1
960	1
961	0
962	0
963	1
964	0
965	0
966	1
967	0
968	0
969	0
970	1
971	1
972	0
973	1
974	0
975	1
977	1
978	0
979	0
980	1
982	0
983	0
986	0
987	1
988	0
989	0
991	0
992	0
993	0
994	0
996	1
997	0
998	1
999	1
1000	0
1001	1
1002	0
1003	0
1004	1
1005	0
1008	0
1009	0
1013	0
1014	0
1015	1
1016	1
1018	1
1019	1
1020	0
1021	1
1022	1
1023	0
1025	0
1026	0
1027	0
1028	0
1029	1
1030	1
1031	1
1034	1
1035	0
1036	0
1037	0
1038	1
1040	1
1041	0
1042	0
1043	0
1044	1
1045	0
1046	0
1048	0
1049	0
1050	1
1051	1
1053	1
1054	1
1055	0
1056	0
1058	1
1059	1
1060	0
1061	0
1062	1
1063	1
1064	1
1065	0
1066	1
1068	1
1069	1
1070	0
1071	1
1072	1
1073	1
1074	1
1075	0
1076	0
1077	1
1079	1
1080	0
1081	0
1082	0
1085	0
1086	1
1087	1
1089	0
1090	0
1092	0
1093	0
1094	1
1097	1
1098	0
1099	1
1100	1
1102	0
1103	0
1104	0
1105	1
1106	0
1107	0
1108	0
1109	1
1110	0
1111	0
1112	1
1113	1
1114	1
1115	1
1116	1
1117	1
1118	0
1120	1
1122	1
1123	0
1124	1
1125	1
1126	0
1127	1
1128	1
1129	1
1132	1
1134	1
1135	1
1136	0
1137	1
1138	0
1139	1
1140	1
1143	0
1144	0
1145	0
1146	1
1147	1
1148	0
1149	0
1150	1
1152	1
1154	0
1158	0
1159	1
1161	0
1162	1
1163	0
1166	0
1167	0
1168	1
1169	1
1170	1
1171	0
1174	0
1175	0
1176	1
1177	0
1179	1
1180	0
1181	1
1182	1
1183	1
1184	1
1185	0
1186	1
1187	0
1188	0
1189	0
1190	0
1191	1
1192	0
1193	1
1194	1
1195	0
1197	0
1199	1
1200	0
1201	0
1202	1
1204	1
1206	1
1207	1
1209	1
1210	0
1211	1
1212	0
1213	0
1214	0
1215	1
1216	1
1218	1
1219	1
1220	1
1221	1
1225	0
1227	1
1231	1
1233	0
1234	0
1235	0
1236	0
1237	0
1239	0
1240	0
1241	1
1242	1
1243	1
1244	1
1245	0
1246	1
1247	0
1249	0
1250	0
1252	1
1255	1
1256	0
1258	0
1259	0
1260	1
1261	1
1262	1
1263	1
1264	1
1265	1
1266	1
1267	1
1268	1
1269	0
1271	1
1273	1
1274	1
1275	0
1276	0
1277	0
1278	0
1280	0
1282	0
1283	0
1284	1
1285	1
1286	0
1288	1
1289	0
1292	0
1293	0
1294	1
1295	0
1296	0
1297	1
1298	1
1299	1
1300	1
1301	1
1302	0
1303	1
1304	0
1307	0
1308	0
1309	0
1310	0
1312	1
1314	1
1315	0
1316	0
1319	0
1320	1
1322	1
1323	1
1325	1
1326	0
1328	1
1331	1
1332	0
1333	1
1335	1
1336	0
1338	1
1339	1
1340	1
1342	0
1343	1
1344	0
1345	1
1346	0
1347	1
1348	1
1349	0
1351	0
1352	1
1353	0
1354	1
1355	0
1357	1
1358	1
1359	0
1360	1
1362	1
1363	0
1364	0
1366	1
1367	1
1368	0
1369	1
1371	0
1372	0
1373	0
1374	1
1375	0
1377	1
1378	0
1379	0
1380	1
1381	0
1382	0
1384	0
1385	0
1386	0
1387	1
1388	0
1389	1
1390	1
1392	1
1394	0
1397	0
1399	1
1400	0
1401	0
1403	0
1404	1
1405	0
1406	0
1407	1
1408	1
1411	0
1412	0
1413	1
1417	0
1418	1
1419	0
1421	1
1422	1
1423	0
1424	0
1428	0
1430	1
1431	0
1432	0
1433	0
1434	1
1436	0
1437	1
1438	0
1439	0
1440	1
1441	1
1442	1
1443	0
1444	0
1446	1
1447	1
1448	1
1449	1
1450	1
1451	1
1452	0
1453	0
1454	0
1456	0
1457	1
1458	1
1459	0
1460	0
1461	0
1462	0
1464	1
1465	1
1467	0
1468	1
1469	0
1470	1
1471	0
1472	1
1473	1
1475	0
1476	0
1477	0
1478	0
1479	0
1480	0
1481	1
1483	1
1484	1
1485	0
1486	0
1487	0
1488	0
1489	1
1491	1
1492	1
1494	1
1495	1
1496	1
1498	1
1499	1
1500	1
1502	1
1505	1
1506	1
1507	1
1508	0
1509	1
1510	0
1511	0
1512	0
1513	1
1514	1
1515	0
1516	1
1518	0
1521	0
1524	1
1525	1
1526	0
1528	0
1529	0
1530	1
1531	0
1532	1
1534	0
1535	0
1536	0
1538	0
1539	0
1541	0
1542	1
1543	1
1544	1
1545	1
1547	1
1548	0
1549	0
1550	0
1552	1
1553	0
1555	0
1556	1
1557	0
1558	0
1559	0
1560	1
1561	1
1564	1
1567	1
1569	0
1570	0
1572	0
1573	0
1574	0
1575	0
1578	0
1579	1
1580	0
1581	0
1582	0
1584	1
1585	1
1586	1
1587	1
1588	0
1589	1
1590	0
1592	1
1594	1
1595	1
1596	0
1597	1
1598	1
1600	1
1601	1
1602	1
1603	0
1604	0
1605	1
1606	1
1607	1
1609	1
1610	0
1611	1
1612	0
1613	1
1614	0
1615	0
1616	1
1618	0
1619	0
1620	0
1621	0
1622	0
1623	0
1624	1
1625	0
1627	0
1628	1
1629	0
1630	1
1631	1
1632	1
1633	0
1634	1
1635	1
1636	1
1637	0
1639	1
1640	1
1641	1
1642	0
1644	0
1647	1
1650	1
1651	0
1652	0
1653	0
1654	0
1655	1
1658	1
1659	0
1660	0
1661	0
1662	0
1663	0
1664	0
1665	0
1666	1
1667	1
1669	0
1671	1
1672	0
1673	0
1674	0
1675	1
1676	1
1677	0
1678	1
1680	1
1681	1
1682	0
1683	1
1686	0
1687	1
1688	1
1689	1
1691	0
1693	1
1694	1
1695	1
1696	1
1697	1
1698	1
1699	1
1700	0
1701	1
1702	0
1703	0
1704	0
1705	0
1706	1
1707	0
1708	0
1709	1
1710	0
1713	0
1716	1
1717	1
1718	0
1719	0
1720	0
1721	1
1722	1
1723	1
1724	1
1725	0
1726	1
1727	1
1728	0
1730	0
1733	1
1734	0
1735	0
1736	1
1737	1
1738	0
1739	0
1740	0
1741	1
1742	0
1743	0
1744	1
1745	0
1746	1
1747	1
1748	1
1749	1
1750	0
1751	0
1752	1
1753	1
1755	1
1756	0
1757	1
1759	1
1761	1
1762	0
1763	0
1764	1
1765	1
1767	1
1768	1
1769	0
1770	0
1771	0
1772	0
1773	0
1774	0
1775	1
1776	1
1777	0
1778	1
1779	1
1780	1
1781	1
1782	0
1783	0
1784	0
1786	0
1787	0
1788	0
1790	1
1791	1
1792	0
1793	1
1794	1
1796	1
1797	1
1799	0
1800	1
1802	1
1803	1
1804	1
1805	1
1806	1
1807	1
1808	0
1809	0
1810	0
1811	0
1812	1
1813	0
1816	0
1817	1
1818	0
1819	1
1820	1
1821	0
1822	0
1823	0
1824	1
1825	1
1826	0
1828	1
1830	0
1831	1
1832	0
1833	1
1834	0
1835	1
1836	1
1837	1
1838	0
1839	0
1840	0
1841	1
1843	1
1844	0
1845	1
1846	0
1847	0
1848	0
1849	0
1850	0
1851	1
1852	0
1853	1
1855	0
1856	1
1857	0
1858	1
1859	0
1860	1
1861	1
1862	0
1864	0
1865	1
1866	1
1867	0
1868	0
1869	0
1870	1
1871	1
1872	0
1873	1
1874	0
1876	0
1877	1
1878	0
1880	1
1881	0
1882	1
1884	1
1886	0
1887	1
1888	0
1889	1
1890	1
1891	1
1893	0
1895	0
1896	1
1897	1
1901	1
1902	1
1903	1
1904	1
1905	0
1906	0
1907	0
1911	0
1912	1
1913	0
1914	0
1915	0
1917	1
1918	0
1919	0
1920	1
1921	0
1922	1
1923	0
1924	0
1925	1
1926	1
1928	1
1929	0
1930	1
1931	0
1932	0
1933	0
1934	0
1935	0
1936	0
1937	1
1938	1
1939	1
1940	0
1941	1
1942	0
1943	1
1944	0
1945	0
1946	0
1947	1
1949	1
1950	1
1953	0
1954	1
1956	0
1957	0
1960	1
1961	0
1962	1
1963	0
1964	0
1965	0
1966	0
1968	1
1969	1
1970	0
1971	0
1972	0
1973	0
1975	0
1977	0
1978	1
1979	0
1980	1
1981	0
1982	1
1983	1
1987	0
1988	1
1990	0
1991	0
1992	0
1993	0
1994	0
1995	0
1996	1
1997	0
1998	1
1999	0
2000	1
2001	0
2004	1
2005	0
2006	0
2007	0
2008	1
2009	0
2010	1
2012	1
2013	0
2014	0
2015	1
2016	1
2017	1
2018	1
2019	0
2020	1
2021	1
2023	1
2024	1
2026	1
2027	1
2028	0
2030	1
2031	1
2032	0
2033	0
2035	1
2038	1
2039	1
2040	0
2041	1
2042	1
2043	0
2044	0
2045	0
2047	1
2048	0
2049	0
2050	1
2051	1
2052	0
2053	0
2054	1
2055	1
2056	1
2057	0
2059	1
2060	1
2061	0
2062	0
2063	1
2064	1
2065	0
2066	0
2067	1
2068	1
2069	0
2070	1
2071	1
2072	1
2074	0
2075	0
2077	1
2078	1
2079	0
2081	0
2082	0
2083	0
2085	1
2086	0
2087	0
2088	1
2089	0
2091	1
2093	0
2094	0
2096	1
2097	1
2099	0
2101	1
2102	1
2103	0
2104	0
2105	1
2106	1
2107	0
2109	1
2110	1
2111	0
2112	0
2113	0
2114	1
2115	0
2118	0
2119	1
2121	1
2122	1
2123	0
2124	1
2125	1
2126	0
2127	1
2128	0
2129	1
2131	1
2132	0
2133	0
2134	0
2136	1
2137	0
2138	0
2139	0
2140	1
2142	0
2144	1
2146	1
2147	0
2150	0
2151	0
2152	0
2153	1
2154	0
2156	1
2157	1
2158	1
2161	1
2162	1
2163	0
2165	1
2166	1
2167	1
2168	1
2169	0
2170	1
2171	1
2172	1
2173	1
2174	1
2175	1
2176	1
2177	1
2178	1
2179	1
2180	1
2181	1
2184	0
2185	1
2186	1
2187	1
2188	1
2189	0
2190	1
2191	0
2193	0
2194	1
2195	1
2196	0
2199	1
2201	0
2202	0
2203	1
2204	0
2205	1
2206	1
2207	0
2209	0
2211	1
2212	1
2213	0
2214	0
2215	1
2216	0
2217	0
2218	0
2219	1
2220	0
2221	1
2222	1
2223	1
2225	1
2229	0
2230	1
2231	1
2233	1
2234	0
2235	1
2236	0
2237	1
2238	0
2239	1
2241	1
2242	1
2243	0
2244	1
2246	1
2247	1
2248	1
2249	0
2250	0
2251	1
2252	0
2254	0
2255	1
2256	0
2257	0
2258	1
2259	1
2260	0
2261	1
2262	1
2263	1
2264	1
2265	1
2267	0
2268	0
2269	0
2270	1
2271	1
2272	1
2273	0
2274	0
2276	1
2277	0
2278	0
2279	1
2280	0
2282	1
2283	0
2284	0
2286	0
2288	1
2289	0
2290	1
2292	0
2293	1
2294	0
2295	0
2297	0
2298	1
2300	0
2301	0
2302	1
2303	1
2304	1
2306	0
2308	0
2309	1
2311	0
2312	0
2313	0
2315	0
2317	0
2318	0
2319	0
2321	1
2322	0
2323	1
2324	0
2325	0
2326	0
2330	1
2331	0
2332	0
2333	0
2334	1
2335	0
2336	0
2337	0
2339	0
2340	1
2342	0
2344	1
2345	0
2347	0
2348	1
2349	1
2351	1
2352	1
2353	1
2354	0
2355	1
2356	0
2357	0
2358	0
2363	0
2364	0
2365	0
2366	0
2367	0
2368	1
2371	0
2373	0
2374	1
2375	0
2376	1
2377	0
2378	1
2379	0
2380	1
2381	0
2382	0
2383	1
2384	0
2385	0
2386	0
2387	0
2388	0
2390	0
2392	0
2393	1
2394	0
2395	1
2396	0
2397	0
2398	1
2399	0
2400	0
2401	0
2404	0
2406	1
2407	1
2408	0
2409	1
2410	1
2411	1
2412	0
2413	0
2414	1
2416	0
2417	0
2418	0
2419	1
2420	0
2422	0
2424	1
2425	0
2427	1
2428	0
2429	1
2430	0
2431	0
2433	0
2436	1
2438	1
2439	0
2440	0
2441	0
2442	0
2446	1
2447	0
2448	0
2450	0
2451	1
2452	0
2453	1
2455	1
2457	1
2458	1
2459	1
2460	0
2461	1
2462	1
2464	0
2466	1
2467	0
2468	1
2469	0
2470	0
2471	0
2472	1
2474	0
2476	0
2477	0
2478	1
2480	0
2483	0
2484	1
2485	1
2488	0
2489	1
2491	1
2492	0
2494	0
2495	0
2496	1
2497	1
2498	1
2499	0
2500	1
2501	0
2502	0
2503	1
2506	1
2507	1
2509	0
2510	0
2512	0
2513	0
2514	0
2515	0
2516	0
2517	0
2518	0
2521	0
2522	0
2524	0
2525	0
2526	1
2527	0
2528	0
2529	1
2531	0
2532	0
2533	1
2535	0
2536	0
2538	0
2539	0
2540	1
2541	1
2542	0
2543	0
2544	1
2545	0
2546	1
2547	1
2548	0
2549	0
2550	0
2551	0
2552	0
2553	0
2554	0
2555	1
2556	0
2558	0
2559	1
2560	0
2561	0
2562	1
2564	1
2565	1
2566	1
2567	1
2568	0
2569	0
2570	0
2571	0
2572	1
2573	1
2574	0
2575	1
2576	1
2577	0
2578	0
2579	0
2580	0
2581	1
2582	0
2583	1
2584	0
2585	1
2586	0
2587	0
2588	0
2589	1
2592	1
2593	1
2594	0
2596	0
2597	0
2599	1
2600	0
2601	0
2603	0
2604	0
2607	0
2608	1
2609	1
2611	1
2613	0
2614	0
2615	0
2616	0
2617	0
2618	0
2619	0
2620	1
2621	1
2622	0
2623	0
2626	0
2629	1
2630	0
2631	0
2633	0
2634	1
2635	0
2637	0
2638	1
2639	0
2640	0
2641	1
2642	0
2643	1
2644	0
2645	1
2647	0
2648	1
2649	1
2650	0
2651	1
2652	0
2653	0
2654	1
2655	0
2658	0
2659	1
2660	0
2661	1
2664	1
2666	0
2667	0
2668	1
2669	1
2670	1
2671	0
2673	0
2674	1
2675	0
2677	0
2679	1
2681	1
2682	1
2683	1
2684	1
2685	1
2686	0
2687	0
2689	1
2690	0
2691	1
2692	1
2693	1
2695	0
2696	0
2697	0
2699	1
2701	1
2702	0
2703	0
2705	0
2706	0
2707	0
2708	0
2709	0
2710	0
2711	0
2712	0
2713	0
2714	0
2715	0
2716	0
2717	0
2718	1
2719	1
2720	0
2722	0
2723	0
2724	1
2726	0
2727	0
2728	0
2730	1
2731	1
2732	0
2733	1
2734	1
2735	0
2736	1
2738	1
2742	1
2743	1
2744	1
2746	0
2747	1
2748	1
2749	0
2750	1
2753	1
2754	1
2755	0
2756	1
2757	1
2758	0
2760	0
2761	1
2762	0
2763	0
2765	1
2769	1
2770	0
2772	1
2773	0
2775	0
2776	1
2777	1
2778	1
2779	1
2780	0
2781	1
2782	0
2783	0
2785	1
2790	1
2793	1
2794	1
2795	1
2796	1
2797	0
2798	0
2799	0
2801	1
2802	0
2804	1
2805	0
2806	0
2807	1
2808	1
2809	1
2810	1
2811	0
2813	0
2814	1
2815	0
2818	1
2819	0
2820	1
2823	0
2825	1
2826	1
2827	0
2828	0
2830	0
2831	0
2833	0
2834	0
2837	1
2838	0
2839	0
2841	1
2842	0
2843	0
2844	1
2845	0
2846	1
2847	1
2848	1
2850	0
2851	0
2852	1
2853	0
2854	1
2855	0
2856	0
2857	1
2859	1
2861	0
2862	0
2863	1
2864	0
2865	0
2866	1
2867	0
2868	1
2869	0
2870	1
2872	1
2873	1
2874	1
2875	0
2876	1
2878	1
2879	0
2880	1
2881	0
2882	1
2883	1
2884	0
2885	1
2886	0
2887	1
2889	1
2890	1
2892	0
2893	0
2894	1
2895	1
2896	1
2897	1
2898	1
2899	1
2900	1
2901	1
2903	1
2905	1
2906	0
2907	1
2908	0
2910	1
2911	0
2912	0
2913	1
2916	1
2917	0
2918	1
2919	1
2920	0
2921	1
2922	0
2924	0
2925	0
2926	1
2927	0
2928	1
2932	0
2933	1
2934	1
2935	1
2936	0
2938	1
2939	1
2941	1
2942	1
2943	1
2944	1
2945	0
2946	1
2947	1
2948	0
2949	0
2950	0
2951	0
2952	1
2953	0
2954	0
2956	0
2957	0
2958	0
2961	0
2962	1
2963	0
2964	0
2965	0
2966	1
2967	1
2968	1
2969	1
2970	0
2972	1
2973	0
2976	1
2978	1
2979	0
2980	1
2983	0
2984	0
2985	1
2987	0
2989	1
2990	1
2991	0
2993	0
2994	1
2996	1
2997	1
2998	0
3000	1
3002	1
3003	0
3004	1
3005	1
3008	0
3009	0
3010	1
3012	1
3013	1
3014	1
3017	1
3018	1
3020	1
3021	0
3022	1
3024	1
3026	1
3027	0
3028	1
3029	1
3031	1
3033	1
3034	0
3035	0
3036	1
3037	0
3038	1
3039	0
3041	1
3044	1
3045	1
3046	0
3047	0
3048	0
3050	0
3051	1
3052	0
3053	1
3054	1
3055	1
3056	1
3057	1
3058	1
3059	0
3061	0
3062	0
3063	0
3064	0
3065	1
3066	0
3067	1
3068	0
3069	1
3070	0
3072	1
3073	0
3074	1
3075	1
3076	0
3077	0
3078	0
3079	0
3081	1
3082	1
3084	0
3085	1
3086	1
3087	1
3088	0
3089	0
3090	0
3091	0
3092	0
3093	1
3094	0
3095	1
3097	0
3098	0
3099	1
3100	0
3101	1
3104	0
3105	1
3106	0
3107	0
3108	1
3109	0
3110	1
3111	1
3112	1
3113	0
3114	1
3116	0
3117	0
3118	1
3119	0
3121	1
3122	0
3124	0
3126	0
3127	0
3128	1
3129	1
3131	0
3132	0
3133	0
3136	0
3137	0
3138	1
3140	1
3142	0
3143	1
3145	1
3146	0
3147	1
3148	1
3149	0
3150	0
3151	1
3152	0
3153	0
3154	1
3155	0
3156	0
3157	1
3158	1
3160	0
3161	0
3162	0
3163	1
3164	0
3165	0
3166	0
3167	1
3168	0
3169	1
3170	0
3171	1
3172	1
3174	0
3176	0
3177	0
3178	1
3180	1
3181	0
3182	1
3183	1
3185	0
3186	0
3187	0
3188	0
3189	1
3190	0
3192	1
3193	1
3194	0
3195	1
3196	1
3197	1
3198	1
3199	1
3200	1
3201	1
3202	1
3204	0
3205	1
3206	1
3207	1
3209	1
3210	1
3211	1
3213	1
3214	0
3215	0
3216	1
3217	1
3218	0
3219	1
3221	0
3222	0
3225	0
3226	1
3227	1
3228	1
3229	1
3230	1
3231	1
3233	1
3234	0
3235	0
3236	0
3239	0
3243	1
3244	0
3245	0
3246	1
3247	0
3248	0
3249	0
3250	1
3251	0
3252	0
3253	1
3255	0
3256	0
3257	0
3258	0
3260	1
3261	1
3262	0
3263	1
3264	0
3265	1
3266	1
3267	1
3268	0
3269	0
3271	1
3272	1
3273	0
3276	0
3277	1
3278	0
3279	1
3280	1
3282	0
3283	1
3284	0
3285	1
3287	0
3288	0
3289	0
3290	1
3293	0
3294	1
3295	0
3297	1
3298	0
3299	1
3300	1
3301	1
3302	0
3303	0
3304	1
3305	1
3306	0
3307	0
3309	1
3310	0
3311	1
3312	1
3313	1
3314	1
3316	0
3317	1
3318	0
3319	1
3320	1
3322	0
3323	1
3325	0
3326	0
3327	1
3328	1
3329	1
3330	0
3332	1
3334	1
3335	0
3338	0
3339	0
3340	1
3342	0
3343	0
3344	0
3346	1
3347	0
3348	0
3349	1
3350	0
3351	0
3352	0
3353	1
3354	0
3355	0
3356	1
3358	1
3359	0
3360	0
3361	1
3362	0
3363	1
3364	1
3365	1
3366	0
3367	1
3368	1
3369	0
3370	1
3371	1
3372	0
3373	0
3374	1
3376	0
3377	1
3378	1
3379	0
3381	0
3382	0
3383	0
3384	1
3385	0
3386	1
3387	1
3388	0
3389	1
3390	1
3392	0
3393	1
3395	0
3396	0
3398	0
3400	1
3401	1
3402	1
3403	1
3405	0
3406	0
3407	0
3408	1
3409	0
3412	1
3413	1
3414	1
3415	1
3417	0
3418	1
3419	1
3420	1
3421	0
3422	1
3423	1
3424	0
3425	1
3426	1
3427	0
3428	1
3429	0
3430	1
3432	1
3433	0
3434	1
3435	1
3436	1
3437	0
3438	0
3439	0
3440	0
3441	1
3442	1
3443	0
3444	1
3449	0
3450	1
3451	0
3452	0
3454	1
3455	0
3457	1
3459	0
3460	0
3461	0
3463	0
3464	1
3465	0
3466	0
3467	0
3468	0
3470	0
3471	1
3474	1
3476	1
3477	1
3478	0
3480	0
3481	1
3482	0
3483	1
3484	1
3486	1
3488	0
3489	1
3490	1
3491	1
3492	0
3493	1
3494	0
3495	0
3496	0
3497	0
3498	1
3500	0
3501	1
3503	1
3504	1
3505	1
3506	0
3507	1
3509	1
3511	1
3512	1
3513	1
3514	0
3515	1
3516	1
3518	1
3519	1
3520	1
3521	1
3522	0
3523	0
3524	1
3525	0
3526	1
3527	0
3528	1
3529	1
3531	0
3532	1
3533	0
3535	0
3536	1
3537	0
3538	1
3539	1
3540	1
3541	0
3543	1
3544	0
3545	0
3546	1
3548	0
3549	0
3551	0
3552	0
3554	0
3555	1
3557	1
3558	1
3559	0
3560	1
3561	1
3562	1
3565	1
3566	0
3567	0
3568	1
3569	1
3570	0
3571	1
3572	1
3573	0
3574	1
3575	0
3576	1
3577	0
3579	1
3580	0
3581	0
3582	1
3583	0
3584	0
3585	1
3586	1
3587	0
3588	1
3590	1
3591	1
3592	1
3593	0
3594	1
3595	0
3596	1
3597	0
3598	0
3600	1
3602	0
3603	1
3604	0
3605	1
3607	1
3608	1
3610	1
3611	1
3612	1
3613	0
3615	1
3616	0
3617	0
3618	1
3619	1
3620	1
3621	1
3622	1
3623	0
3624	1
3625	1
3626	1
3627	0
3629	0
3630	1
3631	0
3632	0
3634	0
3636	0
3637	0
3638	1
3639	0
3641	1
3642	0
3645	0
3647	0
3650	1
3651	1
3652	1
3653	1
3655	0
3656	0
3657	0
3659	0
3660	0
3661	1
3662	0
3663	0
3665	1
3666	0
3668	0
3670	0
3671	1
3672	1
3673	1
3674	0
3675	1
3676	1
3677	1
3678	1
3679	1
3680	0
3682	0
3683	1
3685	1
3686	0
3687	1
3688	1
3689	1
3690	1
3691	1
3692	0
3693	1
3694	0
3696	1
3697	1
3698	1
3700	0
3701	0
3702	0
3703	0
3704	1
3706	0
3707	0
3708	0
3710	0
3711	0
3712	1
3713	1
3714	0
3716	1
3717	1
3719	0
3720	1
3721	1
3722	0
3723	0
3724	1
3725	0
3729	1
3730	0
3732	1
3733	1
3734	0
3735	1
3736	1
3737	1
3738	0
3743	0
3745	1
3747	0
3748	0
3750	0
3751	1
3752	1
3753	0
3754	1
3755	0
3756	1
3757	1
3758	0
3759	1
3760	1
3761	1
3762	1
3763	1
3764	0
3765	0
3766	1
3767	0
3768	1
3769	1
3770	1
3772	0
3773	1
3775	0
3777	1
3778	1
3779	0
3780	1
3781	0
3782	0
3783	0
3788	0
3789	1
3790	1
3791	1
3792	1
3794	0
3795	0
3796	1
3797	0
3798	0
3799	1
3801	1
3802	0
3804	1
3805	0
3806	1
3807	1
3809	0
3810	0
3811	1
3812	1
3813	0
3815	1
3816	1
3819	1
3820	0
3821	1
3822	1
3823	1
3824	1
3825	1
3826	0
3827	1
3828	0
3831	1
3832	1
3833	1
3834	1
3835	0
3836	1
3837	1
3838	0
3839	0
3840	0
3841	1
3842	1
3844	1
3845	0
3846	0
3847	1
3848	0
3849	0
3850	1
3851	0
3852	0
3854	0
3855	1
3856	0
3857	0
3858	1
3860	1
3861	0
3862	0
3863	0
3864	1
3865	0
3866	0
3868	1
3869	0
3870	0
3871	1
3872	0
3873	0
3874	1
3875	0
3876	0
3877	0
3878	1
3879	0
3880	0
3881	0
3882	1
3884	1
3885	1
3886	0
3887	1
3889	1
3890	0
3891	1
3892	1
3894	1
3895	0
3898	1
3900	1
3901	0
3902	1
3904	1
3905	0
3907	0
3909	0
3910	1
3911	0
3912	1
3913	1
3914	1
3916	1
3918	0
3919	0
3920	0
3921	0
3922	1
3923	1
3925	1
3926	0
3927	1
3928	0
3929	1
3930	1
3931	1
3932	0
3933	0
3934	1
3935	1
3936	0
3937	0
3938	0
3939	0
3940	1
3941	0
3942	1
3943	0
3944	0
3945	1
3947	1
3948	1
3949	0
3950	0
3951	1
3952	0
3953	1
3954	0
3955	1
3958	1
3959	0
3960	0
3961	1
3963	1
3964	0
3966	0
3967	1
3969	0
3970	1
3971	1
3972	0
3973	0
3975	0
3976	1
3977	0
3978	1
3979	1
3980	0
3981	1
3982	0
3983	1
3984	0
3985	1
3986	0
3987	0
3988	1
3989	1
3990	0
3992	1
3994	1
3998	1
3999	1
4000	0
4001	1
4002	0
4003	0
4004	1
4005	1
4006	1
4008	0
4009	1
4010	0
4011	0
4012	0
4013	1
4015	1
4016	1
4018	1
4019	0
4020	0
4022	1
4024	1
4025	0
4026	1
4027	0
4029	0
4031	0
4032	1
4034	1
4035	0
4036	1
4037	0
4038	0
4040	1
4041	1
4042	1
4043	1
4044	0
4045	0
4046	0
4047	0
4049	1
4051	1
4052	0
4053	1
4055	1
4056	0
4057	0
4058	1
4059	0
4060	1
4061	0
4062	1
4063	0
4065	0
4066	0
4067	0
4068	0
4069	0
4070	1
4071	1
4073	0
4074	0
4075	0
4076	0
4077	1
4078	1
4079	1
4081	0
4082	1
4083	1
4085	1
4086	1
4089	1
4090	1
4091	1
4093	1
4094	1
4095	0
4096	1
4097	0
4098	1
4099	1
4101	0
4103	1
4104	1
4105	0
4106	0
4107	1
4108	0
4109	0
4111	0
4113	0
4115	1
4116	1
4117	1
4118	1
4120	0
4121	1
4122	1
4123	1
4124	1
4125	0
4126	1
4127	0
4128	0
4129	0
4130	1
4132	1
4133	1
4134	1
4135	0
4136	0
4137	0
4139	1
4141	1
4142	0
4143	0
4144	1
4146	0
4150	1
4151	0
4152	1
4154	0
4155	0
4158	0
4160	1
4161	1
4162	1
4163	0
4164	0
4165	0
4166	0
4167	1
4168	1
4169	1
4170	0
4171	1
4172	0
4173	0
4174	0
4175	0
4176	0
4177	1
4179	1
4181	1
4183	1
4184	0
4185	0
4186	1
4188	0
4189	0
4190	1
4191	0
4192	0
4193	1
4194	1
4196	0
4197	0
4199	0
4201	0
4202	0
4204	1
4205	0
4206	0
4207	1
4208	0
4209	0
4210	1
4211	0
4212	1
4213	1
4214	0
4215	1
4216	0
4218	1
4219	1
4220	1
4222	1
4224	1
4226	0
4227	1
4228	0
4229	0
4230	0
4231	0
4232	0
4233	1
4234	1
4235	1
4236	0
4237	1
4239	0
4240	0
4241	1
4242	1
4245	0
4246	0
4247	0
4248	0
4249	1
4252	1
4254	0
4255	0
4257	1
4258	1
4259	0
4261	1
4262	0
4263	0
4264	0
4265	1
4268	1
4269	1
4271	1
4274	1
4275	0
4276	0
4277	1
4278	0
4279	1
4281	1
4283	0
4284	1
4285	1
4287	1
4288	0
4290	0
4291	1
4292	0
4293	0
4294	1
4295	0
4296	0
4298	1
4299	1
4300	0
4301	0
4302	1
4303	1
4304	0
4305	1
4306	0
4307	0
4308	1
4309	1
4310	1
4311	0
4313	0
4314	0
4315	1
4317	0
4318	1
4319	0
4320	0
4321	0
4322	1
4323	1
4325	0
4326	1
4327	1
4328	1
4329	1
4330	0
4332	0
4334	1
4335	1
4336	1
4337	1
4338	0
4339	0
4340	0
4343	1
4344	1
4345	1
4346	0
4347	1
4348	0
4350	0
4351	1
4352	1
4353	1
4356	1
4357	0
4358	0
4359	0
4360	1
4361	1
4362	1
4364	1
4365	0
4367	1
4368	1
4369	0
4371	1
4372	0
4373	1
4375	1
4376	0
4377	1
4378	1
4379	1
4381	1
4382	1
4383	0
4384	1
4385	0
4386	1
4387	1
4389	1
4390	1
4391	0
4392	0
4393	0
4394	0
4395	0
4396	0
4397	0
4398	0
4399	0
4400	0
4401	1
4402	0
4403	0
4404	1
4405	0
4406	1
4407	1
4408	1
4409	1
4411	1
4412	1
4414	1
4415	1
4416	1
4417	1
4418	1
4420	0
4422	1
4424	0
4425	1
4426	0
4427	0
4428	0
4429	0
4430	1
4432	0
4433	1
4434	0
4435	0
4436	1
4437	1
4438	1
4441	0
4442	0
4443	0
4444	0
4446	1
4447	1
4449	1
4450	0
4451	1
4452	1
4453	0
4454	1
4456	1
4458	1
4459	1
4460	1
4461	1
4463	0
4464	0
4465	0
4466	1
4468	0
4469	0
4470	1
4471	1
4472	1
4473	1
4474	0
4475	0
4476	1
4477	1
4479	0
4480	1
4481	0
4482	1
4483	1
4484	1
4485	1
4488	1
4489	1
4490	1
4491	1
4492	0
4493	0
4494	0
4495	0
4496	1
4497	1
4498	1
4499	1
4500	0
4501	0
4502	1
4504	0
4505	1
4507	1
4508	1
4509	1
4511	1
4512	1
4513	0
4515	0
4516	0
4517	1
4518	0
4519	0
4520	1
4521	1
4523	1
4524	1
4525	0
4528	0
4529	0
4530	0
4531	1
4532	1
4533	0
4538	0
4540	0
4541	1
4542	0
4544	0
4545	0
4547	0
4548	0
4549	0
4550	0
4551	0
4553	0
4554	0
4555	0
4556	1
4557	0
4558	0
4559	0
4561	1
4562	1
4563	0
4564	0
4565	0
4568	1
4569	0
4570	0
4571	1
4572	1
4573	1
4574	0
4575	1
4576	0
4577	1
4578	1
4580	1
4581	0
4582	0
4585	1
4586	0
4587	0
4588	0
4589	1
4590	0
4591	1
4592	1
4593	1
4594	0
4595	0
4596	1
4597	0
4598	1
4599	0
4600	1
4604	0
4605	1
4606	1
4607	1
4608	0
4610	1
4611	1
4612	0
4613	0
4614	0
4615	1
4616	0
4617	0
4618	0
4619	1
4620	1
4621	1
4623	0
4624	0
4625	0
4626	1
4627	1
4628	0
4629	0
4631	1
4632	0
4633	0
4634	1
4635	1
4636	0
4637	1
4638	0
4640	1
4641	0
4642	0
4643	1
4645	1
4646	0
4647	1
4648	0
4649	0
4650	1
4651	0
4652	0
4654	0
4655	1
4656	1
4657	0
4658	1
4659	1
4660	0
4661	1
4662	1
4666	1
4667	0
4668	0
4669	0
4670	1
4671	1
4672	0
4673	1
4674	0
4675	1
4676	0
4677	0
4678	0
4679	0
4680	1
4681	1
4682	1
4683	0
4686	0
4687	1
4688	1
4689	0
4690	0
4691	0
4692	0
4693	0
4694	0
4695	0
4696	0
4697	1
4698	0
4699	1
4700	1
4701	0
4702	0
4703	0
4704	1
4705	1
4707	0
4709	0
4711	1
4712	0
4713	0
4714	0
4715	1
4717	0
4718	1
4719	0
4722	0
4723	0
4724	0
4725	1
4726	1
4727	0
4729	1
4730	0
4731	0
4733	1
4735	1
4738	1
4739	1
4741	0
4742	1
4743	0
4746	0
4747	1
4748	1
4752	0
4753	0
4754	1
4755	0
4756	0
4757	1
4758	0
4759	0
4760	0
4761	0
4762	0
4763	0
4764	0
4765	1
4767	0
4769	0
4770	0
4771	1
4772	1
4775	0
4776	0
4780	1
4781	0
4784	1
4786	1
4788	1
4789	1
4790	1
4791	1
4794	1
4795	1
4796	1
4797	0
4798	1
4799	0
4800	1
4801	1
4802	1
4803	0
4805	0
4806	1
4807	0
4808	1
4809	1
4810	1
4814	1
4817	0
4818	0
4819	1
4820	0
4821	1
4822	0
4823	1
4825	0
4826	1
4827	0
4828	1
4830	1
4831	1
4832	1
4833	0
4834	1
4835	0
4837	1
4839	0
4842	0
4844	0
4845	1
4846	0
4847	0
4850	0
4851	0
4852	1
4853	0
4854	1
4855	1
4856	0
4857	0
4858	1
4859	0
4860	0
4861	1
4862	0
4863	0
4864	0
4865	1
4866	0
4868	1
4869	1
4870	1
4871	0
4872	0
4875	1
4876	0
4877	0
4879	1
4880	0
4881	0
4882	1
4883	0
4884	1
4885	0
4887	1
4888	1
4889	1
4890	1
4891	0
4892	1
4893	0
4894	0
4895	0
4896	0
4897	1
4898	1
4899	1
4900	0
4901	1
4902	1
4903	0
4904	1
4905	1
4906	1
4907	1
4908	1
4909	1
4910	0
4912	0
4914	0
4915	1
4916	1
4917	1
4919	0
4920	0
4923	0
4924	0
4925	0
4926	0
4927	1
4928	1
4929	0
4930	0
4931	0
4932	1
4933	1
4934	1
4935	0
4937	1
4938	0
4940	1
4941	0
4943	0
4944	0
4946	1
4947	1
4948	1
4949	0
4950	1
4951	1
4952	1
4953	1
4954	1
4955	0
4956	1
4957	1
4958	1
4959	1
4962	1
4966	0
4968	0
4972	1
4973	1
4974	0
4975	1
4976	0
4977	1
4978	0
4979	1
4981	1
4982	0
4983	1
4986	0
4987	0
4988	0
4989	0
4990	0
4991	0
4992	0
4993	0
4994	1
4997	0
4998	0
4999	0
5000	1
5001	1
5002	1
5004	0
5005	1
5006	0
5007	0
5009	0
5010	0
5013	0
5014	1
5015	1
5016	0
5018	1
5019	1
5020	1
5021	1
5022	0
5023	1
5024	0
5027	0
5028	0
5029	1
5030	0
5031	0
5033	0
5034	1
5035	1
5036	0
5037	1
5038	1
5039	1
5040	1
5041	1
5042	1
5043	0
5044	1
5045	0
5046	1
5047	1
5048	0
5050	0
5051	0
5052	0
5053	1
5054	1
5055	0
5056	1
5057	0
5060	0
5061	1
5062	0
5063	1
5064	1
5065	1
5066	0
5067	0
5068	0
5069	0
5071	0
5072	0
5073	0
5074	1
5075	0
5076	1
5077	1
5078	0
5079	0
5080	0
5081	1
5082	1
5083	1
5084	1
5085	1
5086	1
5087	1
5089	0
5091	1
5092	0
5093	0
5094	0
5095	0
5096	1
5097	1
5098	1
5099	1
5100	1
5102	1
5103	1
5104	0
5107	1
5108	1
5109	1
5110	0
5111	1
5112	1
5113	1
5114	1
5115	0
5116	0
5117	0
5118	1
5119	0
5120	1
5121	1
5122	0
5124	1
5125	0
5126	1
5127	0
5128	0
5130	0
5131	1
5133	0
5134	0
5136	1
5137	1
5138	1
5140	1
5141	0
5142	1
5143	1
5144	0
5146	0
5147	0
5148	1
5149	0
5150	0
5151	1
5152	0
5153	1
5154	0
5155	0
5156	1
5157	0
5158	1
5159	0
5160	0
5162	0
5163	1
5164	0
5165	1
5166	1
5167	1
5168	0
5169	1
5171	0
5172	1
5173	1
5174	0
5175	0
5176	0
5177	1
5179	0
5180	1
5181	0
5182	1
5184	1
5185	1
5186	0
5187	1
5188	0
5189	0
5190	0
5191	0
5192	0
5193	1
5194	0
5195	0
5196	0
5198	1
5199	0
5201	1
5203	0
5204	0
5206	0
5207	0
5208	1
5209	1
5210	0
5211	1
5212	0
5213	0
5215	0
5216	0
5217	1
5218	0
5220	1
5221	0
5222	1
5223	1
5224	0
5225	1
5226	0
5227	1
5228	0
5229	0
5230	1
5231	0
5233	1
5234	1
5235	0
5236	1
5237	0
5238	0
5239	1
5240	0
5241	0
5242	1
5243	0
5244	0
5245	0
5246	1
5248	1
5249	1
5250	1
5251	1
5252	0
5253	1
5256	1
5257	1
5258	0
5259	0
5260	1
5261	1
5262	0
5263	1
5264	1
5266	0
5267	0
5268	1
5269	1
5270	1
5271	1
5272	1
5273	1
5274	0
5276	0
5277	1
5278	1
5280	0
5281	1
5284	0
5285	0
5287	1
5290	0
5291	0
5292	0
5293	0
5294	1
5295	0
5296	0
5298	0
5299	0
5300	1
5301	1
5302	1
5303	0
5304	0
5306	1
5307	0
5308	0
5309	0
5310	1
5311	0
5312	1
5314	0
5316	0
5317	1
5319	1
5320	0
5322	1
5323	1
5324	1
5325	0
5327	1
5328	0
5329	1
5330	0
5331	0
5332	0
5333	1
5334	0
5336	0
5337	1
5338	1
5339	1
5340	1
5341	1
5342	1
5343	0
5344	1
5345	1
5346	0
5348	0
5349	1
5352	1
5354	0
5355	1
5356	0
5358	0
5361	1
5363	0
5364	1
5365	1
5367	1
5369	1
5370	0
5373	0
5374	0
5375	0
5376	1
5377	0
5378	1
5380	0
5381	0
5382	0
5383	0
5384	0
5385	0
5387	1
5388	0
5390	1
5391	0
5392	0
5393	1
5394	1
5395	1
5396	0
5397	1
5398	0
5399	0
5400	0
5401	1
5402	0
5403	1
5404	1
5405	1
5406	1
5407	0
5409	0
5411	0
5412	1
5413	1
5414	0
5415	0
5416	0
5417	0
5418	1
5419	0
5420	1
5421	0
5422	1
5426	1
5428	1
5429	1
5430	1
5431	0
5432	1
5433	1
5434	1
5435	0
5436	0
5437	1
5439	0
5440	0
5441	1
5442	0
5443	1
5444	0
5445	1
5446	1
5447	1
5448	1
5450	1
5451	0
5452	1
5453	1
5454	0
5456	0
5457	1
5458	1
5459	1
5460	0
5461	0
5462	0
5464	1
5465	0
5466	1
5467	0
5468	1
5469	1
5470	1
5471	0
5472	1
5473	1
5474	0
5478	0
5479	1
5481	0
5482	1
5483	1
5484	0
5485	1
5486	0
5487	0
5488	1
5489	0
5490	1
5493	1
5494	0
5495	0
5497	1
5499	0
5501	1
5502	1
5503	0
5504	1
5505	0
5506	0
5507	0
5508	0
5509	1
5510	0
5511	1
5512	1
5513	0
5514	0
5516	1
5517	1
5518	1
5519	1
5521	0
5522	1
5523	1
5525	0
5527	0
5528	0
5529	0
5530	1
5531	1
5532	1
5533	0
5534	0
5535	1
5536	1
5538	1
5539	1
5540	0
5541	0
5543	1
5544	0
5546	0
5548	1
5549	0
5550	1
5551	0
5552	0
5553	1
5554	1
5555	1
5557	1
5558	1
5560	0
5561	1
5564	0
5565	1
5566	1
5567	1
5568	1
5569	1
5570	1
5571	1
5572	0
5573	1
5574	1
5575	1
5577	0
5578	0
5579	0
5580	1
5581	0
5582	1
5583	1
5584	0
5586	0
5587	0
5589	0
5590	0
5592	1
5593	1
5594	1
5595	1
5596	1
5597	1
5598	1
5599	1
5601	1
5602	0
5604	1
5606	0
5607	1
5608	0
5609	0
5611	0
5612	0
5613	0
5614	1
5615	1
5617	0
5619	0
5622	0
5623	1
5624	1
5625	1
5626	1
5627	1
5628	0
5629	1
5631	0
5635	0
5638	1
5640	0
5642	0
5643	1
5644	0
5645	1
5646	1
5647	1
5648	1
5650	1
5651	0
5653	1
5654	1
5655	1
5657	1
5658	1
5659	1
5660	0
5661	1
5662	0
5663	1
5664	1
5666	0
5667	1
5669	0
5672	0
5673	0
5674	0
5675	1
5676	1
5677	1
5678	1
5679	1
5682	1
5683	1
5684	1
5685	0
5686	1
5687	0
5688	1
5690	0
5691	1
5692	0
5693	0
5694	0
5695	0
5696	0
5698	1
5699	1
5700	0
5701	1
5702	1
5703	0
5705	1
5707	1
5708	1
5710	0
5711	0
5712	0
5713	0
5714	1
5715	0
5716	1
5717	1
5718	1
5721	0
5722	1
5724	1
5725	0
5726	1
5727	0
5728	1
5729	0
5730	0
5732	0
5733	1
5734	1
5735	0
5736	1
5737	0
5740	0
5741	0
5742	0
5743	0
5745	0
5746	0
5747	1
5748	0
5749	1
5750	1
5751	0
5752	1
5753	0
5755	1
5756	0
5757	1
5758	1
5759	1
5760	0
5761	1
5762	1
5764	0
5765	1
5767	1
5768	0
5770	1
5771	1
5772	0
5773	0
5774	0
5775	1
5776	1
5777	1
5778	0
5779	1
5781	0
5782	1
5783	0
5784	0
5786	1
5787	1
5788	1
5789	0
5790	0
5791	1
5793	0
5794	1
5795	1
5796	0
5797	1
5798	1
5799	0
5800	0
5802	0
5803	0
5804	0
5805	1
5806	1
5808	0
5809	1
5810	0
5811	1
5812	1
5813	0
5814	0
5816	0
5818	0
5819	0
5820	0
5821	0
5822	0
5823	1
5824	1
5825	1
5826	1
5829	0
5830	0
5831	1
5832	0
5833	0
5834	0
5835	0
5836	0
5838	1
5839	0
5840	1
5841	1
5842	0
5843	1
5845	1
5846	0
5847	1
5849	0
5850	0
5852	1
5853	1
5854	1
5856	0
5857	1
5858	1
5860	0
5861	1
5862	1
5863	0
5865	1
5866	0
5867	0
5869	0
5871	1
5872	1
5873	0
5874	1
5876	0
5877	0
5880	1
5881	1
5882	0
5883	0
5885	1
5886	1
5887	0
5888	1
5889	1
5890	1
5891	0
5893	1
5894	1
5896	1
5898	0
5899	0
5900	1
5901	0
5902	0
5904	0
5905	1
5906	1
5907	0
5908	1
5911	1
5912	1
5914	0
5915	1
5916	1
5918	0
5919	0
5920	1
5922	1
5923	0
5924	1
5925	1
5926	0
5927	1
5929	1
5930	0
5931	0
5932	0
5933	0
5934	0
5935	0
5937	1
5938	1
5939	1
5941	0
5942	1
5943	0
5944	0
5947	1
5948	1
5949	1
5951	0
5953	0
5954	1
5957	1
5958	1
5959	0
5960	1
5961	1
5963	1
5964	1
5965	0
5966	0
5967	0
5968	0
5969	0
5970	0
5971	1
5972	1
5973	0
5974	1
5975	0
5976	1
5978	1
5979	0
5980	1
5982	1
5983	0
5984	0
5985	1
5986	1
5987	0
5989	0
5990	1
5991	0
5992	0
5993	0
5994	0
5995	1
5996	1
5997	0
5998	1
5999	0
6002	1
6003	1
6004	0
6006	1
6007	1
6008	0
6009	0
6010	1
6011	1
6012	0
6013	1
6015	0
6016	1
6019	0
6021	1
6022	0
6023	1
6024	0
6025	1
6026	0
6027	0
6028	0
6030	1
6031	0
6032	1
6033	0
6035	1
6036	1
6038	0
6039	1
