uid	u_gender
1	1
3	0
4	0
5	0
7	0
8	0
9	0
10	1
12	0
13	0
14	0
15	0
17	0
18	1
20	0
21	0
22	0
23	0
24	1
25	0
26	0
27	0
29	0
30	1
32	1
33	0
34	1
35	0
39	0
41	1
42	0
43	0
45	1
46	0
47	0
48	0
49	0
52	0
53	0
54	0
55	1
56	0
57	0
59	1
60	0
61	0
62	1
63	0
64	0
65	0
66	0
67	1
68	0
70	0
71	0
72	1
73	0
74	0
75	1
76	0
77	0
78	1
79	1
80	0
81	1
82	0
83	1
84	0
86	1
87	0
89	1
90	0
91	0
92	1
93	0
94	0
95	0
97	1
98	1
99	1
100	0
101	1
102	0
103	0
104	0
106	1
107	0
108	0
109	0
110	0
111	0
115	0
117	0
118	0
119	1
121	0
122	1
123	0
124	0
125	0
126	0
127	1
128	0
129	0
130	0
131	0
132	0
133	1
135	0
136	0
137	1
138	0
139	1
140	1
141	0
142	0
143	0
144	0
145	0
146	1
147	0
148	0
151	1
152	0
153	0
154	0
155	0
156	1
157	0
158	0
159	1
160	0
161	0
162	1
163	0
165	0
166	0
167	1
168	1
169	0
170	0
171	1
172	0
173	0
174	0
175	1
176	1
177	0
178	0
179	0
180	0
181	0
182	0
183	1
184	1
185	0
187	1
188	0
189	0
190	0
192	0
193	1
194	1
196	1
197	0
198	0
199	0
200	1
201	1
202	0
203	1
204	0
205	0
206	0
207	0
208	0
209	0
210	1
211	0
212	0
213	1
214	0
215	0
216	0
217	0
218	0
219	1
220	0
221	1
224	1
225	0
226	0
227	0
228	0
229	0
230	0
231	0
233	1
234	0
235	0
236	0
237	0
238	1
241	0
242	1
244	0
245	0
246	1
252	0
253	1
254	0
255	0
256	0
258	0
259	0
260	0
261	0
262	1
264	0
265	1
267	0
268	1
270	0
271	0
272	0
273	0
274	0
275	0
276	0
277	1
278	0
280	0
281	1
282	0
283	0
284	0
285	1
286	0
287	0
288	1
290	1
294	1
295	0
296	0
298	1
299	0
300	0
302	0
304	0
305	1
307	0
308	0
309	0
310	1
311	0
312	1
314	1
315	1
316	0
317	0
318	1
319	1
320	0
322	0
324	0
325	1
326	0
327	0
328	0
329	0
330	0
331	0
332	0
333	0
334	1
336	0
337	0
338	0
339	0
340	1
341	1
342	0
344	0
345	0
347	1
348	0
349	0
350	0
351	0
352	0
353	1
354	0
355	0
356	0
358	1
359	0
360	0
362	0
363	0
364	1
365	1
366	0
367	0
368	0
369	0
371	0
372	1
373	1
374	1
376	0
377	0
378	1
379	1
380	0
382	1
384	0
385	0
386	0
387	1
388	1
389	0
392	0
393	0
394	0
395	0
396	0
397	0
398	0
399	1
400	1
401	0
402	0
403	0
404	0
405	0
406	0
407	0
409	0
412	0
413	0
414	0
415	1
418	1
419	0
420	0
421	1
422	0
424	0
426	0
427	0
428	1
429	0
430	1
431	0
432	0
433	0
434	1
435	0
436	0
437	0
438	0
439	0
441	0
442	0
443	0
444	0
447	1
449	0
450	0
452	0
453	0
454	0
456	0
457	0
459	1
460	0
461	0
462	0
463	0
464	1
465	0
466	0
467	1
468	1
469	0
470	1
471	0
472	0
473	1
474	0
475	1
476	0
477	0
478	0
480	1
482	0
483	0
484	1
485	0
486	0
488	0
490	0
491	0
492	0
493	0
494	1
495	0
496	0
497	1
498	0
499	1
500	1
501	0
502	0
504	0
506	0
507	1
508	0
509	0
512	0
513	0
514	0
515	0
516	1
517	1
518	1
519	1
520	1
521	0
522	0
524	0
527	1
528	1
529	0
530	0
532	0
535	0
537	0
538	0
539	0
540	0
542	0
544	0
545	0
547	0
548	1
549	0
550	0
551	0
553	0
555	0
556	1
557	0
558	0
559	1
560	0
561	1
563	0
564	0
565	0
566	0
567	0
568	1
569	1
571	0
572	0
573	1
574	0
575	0
576	1
577	0
578	0
580	0
581	0
582	0
583	1
584	1
585	0
586	0
587	0
588	1
589	0
590	1
592	0
594	1
595	0
596	1
597	0
598	0
599	0
600	0
601	1
603	1
604	0
606	1
607	0
608	0
609	0
610	0
611	0
612	0
613	0
616	0
617	1
618	0
619	1
620	0
622	0
624	0
625	1
626	0
627	0
628	1
630	1
631	0
633	0
636	0
637	0
638	0
639	0
640	0
641	1
643	0
644	0
645	0
646	0
647	0
648	1
649	0
651	0
652	0
653	0
654	0
655	1
656	1
658	1
659	1
661	0
662	0
663	1
664	0
666	1
667	0
668	1
669	0
670	0
671	0
673	0
674	0
675	0
676	0
677	0
678	0
679	0
680	0
681	0
682	0
683	0
684	0
685	0
686	0
687	1
688	0
690	0
692	1
693	0
694	0
695	1
696	0
697	1
698	0
699	0
700	0
701	1
702	0
703	1
704	1
705	0
706	0
707	0
708	0
710	0
711	0
712	0
713	0
714	0
715	0
717	0
718	0
719	0
720	0
721	1
722	0
723	0
725	0
726	1
727	0
728	0
730	0
733	0
734	0
736	0
737	0
738	0
739	0
740	0
742	0
743	1
745	0
746	1
748	0
750	1
751	1
752	1
754	0
755	1
756	0
757	0
758	0
759	1
760	0
761	0
762	0
763	0
764	0
765	0
766	1
768	0
769	0
770	0
771	1
773	0
774	0
775	0
776	1
778	0
779	0
780	0
782	0
783	0
784	0
785	0
786	0
787	0
788	0
789	0
790	0
791	0
792	0
793	1
794	0
795	1
796	0
797	1
798	1
799	1
800	1
801	1
802	0
804	0
805	0
809	0
811	0
812	0
813	0
814	1
816	0
817	0
818	0
819	0
820	0
821	0
822	1
823	0
824	0
825	0
826	1
827	0
828	0
832	0
833	0
834	1
835	0
836	0
838	0
839	0
840	1
842	1
843	0
845	1
846	0
847	1
848	0
849	0
850	0
851	0
853	0
854	1
855	1
856	1
857	0
858	0
859	0
860	0
861	0
862	0
863	0
865	0
866	0
867	0
868	0
869	0
870	1
871	0
872	0
873	0
874	0
875	0
876	0
877	0
878	0
880	0
881	0
884	0
885	0
886	1
887	1
888	1
889	0
890	0
891	0
892	0
893	1
894	0
895	0
896	0
898	0
899	1
900	1
901	1
902	0
903	0
904	0
905	1
906	0
908	1
909	0
910	1
912	1
913	0
914	1
916	1
917	0
918	1
919	1
921	0
922	0
923	0
926	0
927	1
928	1
929	0
930	0
931	1
932	1
933	0
934	1
935	0
936	0
937	0
938	1
941	0
942	1
943	1
944	0
945	0
946	0
947	0
948	0
949	0
950	0
951	0
952	0
953	0
954	1
955	1
956	0
958	0
960	0
961	0
962	1
963	0
964	0
965	0
966	0
967	1
968	0
969	1
970	0
971	0
972	0
973	1
974	0
975	0
977	0
978	0
979	0
980	0
982	1
983	1
986	1
987	1
988	0
989	0
991	1
992	1
993	0
994	0
996	0
997	0
998	0
999	0
1000	1
1001	0
1002	0
1003	0
1004	0
1005	0
1008	0
1009	0
1013	0
1014	1
1015	0
1016	0
1018	0
1019	0
1020	0
1021	0
1022	0
1023	0
1025	0
1026	1
1027	0
1028	1
1029	0
1030	0
1031	0
1034	1
1035	0
1036	0
1037	0
1038	1
1040	0
1041	0
1042	0
1043	1
1044	0
1045	1
1046	0
1048	0
1049	0
1050	0
1051	1
1053	0
1054	0
1055	0
1056	0
1058	0
1059	1
1060	0
1061	0
1062	0
1063	0
1064	0
1065	1
1066	0
1068	1
1069	0
1070	1
1071	0
1072	1
1073	1
1074	0
1075	1
1076	1
1077	0
1079	0
1080	0
1081	0
1082	0
1085	0
1086	0
1087	0
1089	0
1090	0
1092	1
1093	0
1094	1
1097	0
1098	0
1099	0
1100	0
1102	0
1103	1
1104	0
1105	0
1106	0
1107	1
1108	0
1109	0
1110	1
1111	1
1112	0
1113	0
1114	1
1115	1
1116	0
1117	0
1118	0
1120	0
1122	0
1123	0
1124	0
1125	1
1126	0
1127	0
1128	0
1129	0
1132	0
1134	0
1135	0
1136	1
1137	0
1138	0
1139	0
1140	1
1143	0
1144	0
1145	0
1146	1
1147	0
1148	0
1149	0
1150	1
1152	0
1154	1
1158	1
1159	0
1161	0
1162	1
1163	0
1166	0
1167	1
1168	1
1169	0
1170	0
1171	0
1174	1
1175	1
1176	0
1177	1
1179	0
1180	1
1181	0
1182	0
1183	0
1184	1
1185	1
1186	0
1187	1
1188	0
1189	0
1190	0
1191	1
1192	0
1193	0
1194	1
1195	1
1197	0
1199	0
1200	0
1201	0
1202	0
1204	0
1206	1
1207	0
1209	0
1210	0
1211	0
1212	1
1213	0
1214	0
1215	0
1216	0
1218	0
1219	0
1220	0
1221	0
1225	0
1227	0
1231	0
1233	1
1234	0
1235	1
1236	1
1237	0
1239	1
1240	1
1241	0
1242	1
1243	0
1244	0
1245	0
1246	0
1247	0
1249	0
1250	0
1252	0
1255	0
1256	0
1258	0
1259	0
1260	0
1261	0
1262	0
1263	0
1264	0
1265	1
1266	0
1267	0
1268	0
1269	1
1271	1
1273	0
1274	0
1275	0
1276	0
1277	1
1278	0
1280	0
1282	0
1283	1
1284	0
1285	0
1286	0
1288	1
1289	0
1292	0
1293	0
1294	1
1295	1
1296	0
1297	0
1298	0
1299	0
1300	0
1301	1
1302	0
1303	0
1304	0
1307	0
1308	0
1309	0
1310	0
1312	0
1314	1
1315	0
1316	0
1319	1
1320	0
1322	0
1323	1
1325	0
1326	1
1328	0
1331	0
1332	0
1333	0
1335	0
1336	1
1338	0
1339	0
1340	0
1342	0
1343	0
1344	1
1345	1
1346	0
1347	1
1348	1
1349	0
1351	1
1352	0
1353	0
1354	1
1355	1
1357	0
1358	0
1359	0
1360	0
1362	0
1363	0
1364	1
1366	0
1367	0
1368	1
1369	0
1371	1
1372	0
1373	1
1374	0
1375	1
1377	0
1378	1
1379	1
1380	0
1381	0
1382	1
1384	0
1385	1
1386	1
1387	1
1388	0
1389	0
1390	0
1392	0
1394	1
1397	0
1399	0
1400	0
1401	1
1403	1
1404	0
1405	0
1406	0
1407	1
1408	0
1411	0
1412	0
1413	0
1417	0
1418	0
1419	1
1421	1
1422	0
1423	0
1424	0
1428	1
1430	0
1431	0
1432	0
1433	1
1434	1
1436	1
1437	0
1438	0
1439	0
1440	0
1441	0
1442	0
1443	0
1444	1
1446	0
1447	0
1448	1
1449	0
1450	0
1451	0
1452	1
1453	0
1454	0
1456	0
1457	0
1458	0
1459	1
1460	1
1461	1
1462	0
1464	0
1465	0
1467	0
1468	0
1469	0
1470	0
1471	0
1472	0
1473	0
1475	1
1476	1
1477	1
1478	0
1479	1
1480	0
1481	0
1483	0
1484	0
1485	1
1486	0
1487	0
1488	0
1489	1
1491	0
1492	0
1494	0
1495	0
1496	0
1498	0
1499	0
1500	0
1502	0
1505	0
1506	0
1507	0
1508	1
1509	0
1510	1
1511	0
1512	0
1513	1
1514	0
1515	0
1516	1
1518	0
1521	1
1524	0
1525	1
1526	0
1528	0
1529	0
1530	0
1531	0
1532	0
1534	0
1535	1
1536	1
1538	0
1539	0
1541	0
1542	0
1543	0
1544	0
1545	0
1547	0
1548	0
1549	0
1550	0
1552	0
1553	1
1555	1
1556	0
1557	1
1558	0
1559	0
1560	1
1561	1
1564	0
1567	0
1569	1
1570	0
1572	1
1573	0
1574	0
1575	1
1578	0
1579	0
1580	1
1581	1
1582	0
1584	0
1585	0
1586	0
1587	1
1588	0
1589	0
1590	0
1592	0
1594	1
1595	0
1596	1
1597	0
1598	0
1600	0
1601	0
1602	1
1603	1
1604	0
1605	1
1606	1
1607	0
1609	1
1610	0
1611	0
1612	0
1613	0
1614	0
1615	1
1616	0
1618	0
1619	0
1620	0
1621	0
1622	0
1623	0
1624	0
1625	0
1627	0
1628	0
1629	0
1630	0
1631	1
1632	0
1633	1
1634	1
1635	0
1636	1
1637	0
1639	0
1640	0
1641	0
1642	0
1644	0
1647	0
1650	0
1651	0
1652	0
1653	0
1654	1
1655	0
1658	1
1659	1
1660	1
1661	0
1662	0
1663	0
1664	1
1665	0
1666	0
1667	0
1669	1
1671	0
1672	0
1673	0
1674	0
1675	1
1676	0
1677	0
1678	1
1680	0
1681	0
1682	0
1683	1
1686	0
1687	0
1688	1
1689	0
1691	1
1693	0
1694	0
1695	0
1696	0
1697	1
1698	0
1699	1
1700	0
1701	1
1702	0
1703	0
1704	0
1705	1
1706	0
1707	0
1708	0
1709	0
1710	0
1713	0
1716	0
1717	1
1718	0
1719	0
1720	0
1721	0
1722	0
1723	0
1724	0
1725	0
1726	0
1727	0
1728	0
1730	1
1733	0
1734	0
1735	0
1736	0
1737	0
1738	0
1739	0
1740	0
1741	0
1742	0
1743	0
1744	0
1745	0
1746	0
1747	0
1748	0
1749	0
1750	0
1751	0
1752	0
1753	0
1755	1
1756	1
1757	0
1759	0
1761	0
1762	0
1763	0
1764	0
1765	0
1767	0
1768	0
1769	0
1770	0
1771	0
1772	0
1773	0
1774	0
1775	0
1776	0
1777	0
1778	0
1779	0
1780	0
1781	1
1782	0
1783	0
1784	0
1786	0
1787	0
1788	0
1790	0
1791	0
1792	1
1793	0
1794	0
1796	0
1797	0
1799	0
1800	0
1802	0
1803	0
1804	0
1805	0
1806	0
1807	0
1808	1
1809	1
1810	0
1811	0
1812	1
1813	1
1816	1
1817	0
1818	0
1819	1
1820	0
1821	0
1822	1
1823	1
1824	1
1825	0
1826	0
1828	0
1830	0
1831	0
1832	1
1833	0
1834	0
1835	0
1836	0
1837	0
1838	0
1839	0
1840	0
1841	0
1843	0
1844	1
1845	0
1846	0
1847	0
1848	0
1849	0
1850	0
1851	0
1852	0
1853	0
1855	0
1856	0
1857	0
1858	1
1859	1
1860	0
1861	0
1862	0
1864	0
1865	1
1866	0
1867	0
1868	0
1869	0
1870	0
1871	1
1872	0
1873	0
1874	0
1876	0
1877	1
1878	0
1880	0
1881	0
1882	0
1884	0
1886	0
1887	0
1888	0
1889	0
1890	0
1891	0
1893	1
1895	0
1896	0
1897	1
1901	0
1902	0
1903	0
1904	0
1905	1
1906	1
1907	0
1911	1
1912	0
1913	0
1914	1
1915	0
1917	0
1918	1
1919	0
1920	1
1921	0
1922	1
1923	0
1924	1
1925	0
1926	1
1928	0
1929	1
1930	0
1931	0
1932	0
1933	0
1934	0
1935	0
1936	0
1937	0
1938	1
1939	1
1940	0
1941	0
1942	0
1943	0
1944	1
1945	0
1946	0
1947	0
1949	0
1950	0
1953	1
1954	0
1956	0
1957	1
1960	0
1961	1
1962	1
1963	1
1964	1
1965	0
1966	0
1968	0
1969	1
1970	0
1971	1
1972	0
1973	0
1975	0
1977	0
1978	0
1979	0
1980	0
1981	0
1982	0
1983	0
1987	0
1988	1
1990	0
1991	0
1992	0
1993	0
1994	0
1995	0
1996	0
1997	0
1998	1
1999	1
2000	0
2001	0
2004	0
2005	0
2006	0
2007	0
2008	0
2009	1
2010	0
2012	0
2013	0
2014	0
2015	0
2016	1
2017	0
2018	0
2019	0
2020	0
2021	0
2023	0
2024	0
2026	0
2027	1
2028	0
2030	0
2031	0
2032	0
2033	1
2035	1
2038	1
2039	0
2040	1
2041	1
2042	0
2043	0
2044	1
2045	1
2047	0
2048	0
2049	1
2050	1
2051	0
2052	0
2053	0
2054	0
2055	0
2056	0
2057	0
2059	0
2060	0
2061	0
2062	0
2063	0
2064	0
2065	0
2066	1
2067	0
2068	1
2069	0
2070	1
2071	0
2072	1
2074	0
2075	1
2077	0
2078	0
2079	0
2081	0
2082	0
2083	0
2085	0
2086	0
2087	0
2088	0
2089	0
2091	1
2093	0
2094	0
2096	1
2097	0
2099	1
2101	0
2102	0
2103	0
2104	0
2105	0
2106	1
2107	0
2109	0
2110	0
2111	0
2112	1
2113	0
2114	0
2115	0
2118	0
2119	0
2121	0
2122	0
2123	1
2124	0
2125	0
2126	0
2127	0
2128	1
2129	0
2131	0
2132	0
2133	1
2134	0
2136	0
2137	1
2138	1
2139	1
2140	0
2142	1
2144	0
2146	0
2147	1
2150	1
2151	0
2152	0
2153	0
2154	0
2156	0
2157	1
2158	0
2161	1
2162	1
2163	0
2165	0
2166	0
2167	1
2168	0
2169	0
2170	1
2171	0
2172	0
2173	0
2174	0
2175	0
2176	0
2177	1
2178	0
2179	1
2180	0
2181	0
2184	0
2185	0
2186	0
2187	0
2188	1
2189	0
2190	1
2191	0
2193	0
2194	0
2195	0
2196	0
2199	0
2201	0
2202	1
2203	0
2204	0
2205	1
2206	0
2207	0
2209	0
2211	0
2212	0
2213	1
2214	1
2215	1
2216	1
2217	0
2218	0
2219	0
2220	1
2221	0
2222	1
2223	0
2225	0
2229	0
2230	1
2231	0
2233	1
2234	0
2235	0
2236	0
2237	1
2238	1
2239	0
2241	0
2242	0
2243	0
2244	0
2246	0
2247	0
2248	1
2249	0
2250	0
2251	0
2252	1
2254	0
2255	1
2256	1
2257	1
2258	1
2259	1
2260	1
2261	0
2262	0
2263	0
2264	1
2265	0
2267	1
2268	1
2269	1
2270	0
2271	0
2272	0
2273	0
2274	0
2276	0
2277	1
2278	0
2279	0
2280	0
2282	0
2283	0
2284	0
2286	0
2288	0
2289	1
2290	0
2292	0
2293	1
2294	0
2295	0
2297	0
2298	0
2300	0
2301	1
2302	0
2303	0
2304	0
2306	1
2308	1
2309	1
2311	1
2312	0
2313	1
2315	0
2317	1
2318	0
2319	0
2321	0
2322	1
2323	0
2324	0
2325	1
2326	0
2330	0
2331	0
2332	0
2333	0
2334	1
2335	0
2336	0
2337	0
2339	1
2340	0
2342	0
2344	0
2345	0
2347	0
2348	0
2349	0
2351	1
2352	0
2353	1
2354	0
2355	1
2356	1
2357	1
2358	1
2363	0
2364	1
2365	0
2366	1
2367	1
2368	1
2371	1
2373	0
2374	0
2375	1
2376	0
2377	0
2378	0
2379	0
2380	0
2381	1
2382	0
2383	1
2384	0
2385	1
2386	1
2387	0
2388	0
2390	1
2392	1
2393	0
2394	0
2395	0
2396	1
2397	1
2398	0
2399	0
2400	1
2401	0
2404	0
2406	1
2407	0
2408	1
2409	1
2410	0
2411	1
2412	0
2413	1
2414	0
2416	0
2417	0
2418	1
2419	0
2420	0
2422	1
2424	0
2425	1
2427	1
2428	0
2429	0
2430	0
2431	1
2433	0
2436	0
2438	0
2439	0
2440	0
2441	1
2442	0
2446	0
2447	0
2448	0
2450	0
2451	0
2452	0
2453	0
2455	0
2457	0
2458	0
2459	0
2460	1
2461	0
2462	0
2464	1
2466	0
2467	0
2468	0
2469	0
2470	0
2471	0
2472	0
2474	0
2476	0
2477	0
2478	0
2480	1
2483	0
2484	0
2485	0
2488	1
2489	1
2491	0
2492	1
2494	0
2495	1
2496	0
2497	1
2498	0
2499	0
2500	0
2501	0
2502	0
2503	0
2506	1
2507	0
2509	0
2510	0
2512	1
2513	0
2514	0
2515	0
2516	1
2517	1
2518	0
2521	0
2522	0
2524	1
2525	1
2526	0
2527	0
2528	0
2529	1
2531	1
2532	1
2533	1
2535	1
2536	0
2538	0
2539	0
2540	1
2541	1
2542	1
2543	1
2544	0
2545	0
2546	1
2547	1
2548	1
2549	0
2550	0
2551	0
2552	1
2553	0
2554	0
2555	0
2556	0
2558	0
2559	0
2560	1
2561	0
2562	0
2564	1
2565	0
2566	0
2567	0
2568	0
2569	0
2570	1
2571	0
2572	0
2573	0
2574	0
2575	0
2576	0
2577	0
2578	0
2579	0
2580	1
2581	0
2582	1
2583	0
2584	1
2585	0
2586	0
2587	0
2588	1
2589	0
2592	0
2593	0
2594	0
2596	0
2597	1
2599	0
2600	0
2601	0
2603	0
2604	0
2607	1
2608	1
2609	1
2611	0
2613	0
2614	0
2615	0
2616	0
2617	1
2618	1
2619	0
2620	0
2621	0
2622	1
2623	0
2626	0
2629	0
2630	1
2631	1
2633	1
2634	0
2635	0
2637	1
2638	0
2639	1
2640	0
2641	0
2642	0
2643	0
2644	0
2645	0
2647	1
2648	0
2649	0
2650	0
2651	0
2652	0
2653	0
2654	1
2655	0
2658	0
2659	0
2660	0
2661	0
2664	0
2666	0
2667	1
2668	1
2669	0
2670	0
2671	1
2673	0
2674	0
2675	0
2677	1
2679	1
2681	1
2682	0
2683	0
2684	1
2685	0
2686	0
2687	0
2689	0
2690	0
2691	0
2692	1
2693	0
2695	0
2696	0
2697	1
2699	1
2701	0
2702	0
2703	0
2705	0
2706	1
2707	0
2708	0
2709	1
2710	0
2711	1
2712	1
2713	0
2714	0
2715	1
2716	1
2717	0
2718	1
2719	0
2720	0
2722	0
2723	1
2724	1
2726	0
2727	0
2728	0
2730	0
2731	0
2732	0
2733	0
2734	1
2735	0
2736	0
2738	1
2742	0
2743	0
2744	0
2746	0
2747	1
2748	0
2749	0
2750	1
2753	1
2754	0
2755	0
2756	0
2757	0
2758	0
2760	0
2761	0
2762	0
2763	1
2765	0
2769	0
2770	0
2772	0
2773	0
2775	1
2776	0
2777	0
2778	0
2779	0
2780	0
2781	0
2782	1
2783	0
2785	0
2790	0
2793	0
2794	0
2795	0
2796	0
2797	1
2798	0
2799	0
2801	1
2802	0
2804	1
2805	0
2806	0
2807	1
2808	0
2809	0
2810	1
2811	0
2813	0
2814	0
2815	0
2818	0
2819	0
2820	1
2823	0
2825	1
2826	0
2827	0
2828	0
2830	0
2831	0
2833	0
2834	0
2837	0
2838	0
2839	0
2841	0
2842	0
2843	1
2844	0
2845	0
2846	1
2847	0
2848	0
2850	0
2851	1
2852	0
2853	0
2854	1
2855	0
2856	0
2857	0
2859	0
2861	0
2862	0
2863	1
2864	1
2865	1
2866	0
2867	0
2868	0
2869	0
2870	0
2872	0
2873	1
2874	1
2875	0
2876	0
2878	1
2879	0
2880	0
2881	1
2882	0
2883	0
2884	1
2885	1
2886	0
2887	0
2889	0
2890	0
2892	0
2893	0
2894	0
2895	0
2896	0
2897	0
2898	0
2899	0
2900	0
2901	0
2903	0
2905	0
2906	0
2907	1
2908	0
2910	0
2911	1
2912	1
2913	1
2916	0
2917	0
2918	0
2919	0
2920	0
2921	0
2922	0
2924	1
2925	1
2926	1
2927	0
2928	0
2932	0
2933	0
2934	1
2935	0
2936	1
2938	1
2939	1
2941	0
2942	1
2943	0
2944	1
2945	1
2946	0
2947	1
2948	0
2949	0
2950	0
2951	1
2952	0
2953	0
2954	0
2956	0
2957	0
2958	0
2961	0
2962	0
2963	1
2964	0
2965	1
2966	1
2967	0
2968	1
2969	0
2970	0
2972	0
2973	1
2976	0
2978	0
2979	0
2980	0
2983	0
2984	0
2985	0
2987	0
2989	0
2990	0
2991	0
2993	0
2994	0
2996	0
2997	1
2998	1
3000	0
3002	0
3003	0
3004	1
3005	0
3008	0
3009	1
3010	0
3012	0
3013	0
3014	0
3017	1
3018	0
3020	1
3021	1
3022	0
3024	0
3026	1
3027	0
3028	0
3029	0
3031	0
3033	0
3034	1
3035	1
3036	0
3037	1
3038	1
3039	1
3041	0
3044	0
3045	0
3046	0
3047	1
3048	0
3050	0
3051	0
3052	0
3053	1
3054	0
3055	1
3056	0
3057	1
3058	0
3059	0
3061	0
3062	0
3063	0
3064	0
3065	1
3066	0
3067	1
3068	1
3069	0
3070	1
3072	0
3073	0
3074	0
3075	1
3076	0
3077	0
3078	1
3079	1
3081	0
3082	1
3084	0
3085	0
3086	0
3087	1
3088	1
3089	0
3090	0
3091	1
3092	0
3093	1
3094	0
3095	1
3097	1
3098	0
3099	0
3100	1
3101	0
3104	0
3105	0
3106	0
3107	0
3108	0
3109	1
3110	0
3111	0
3112	0
3113	0
3114	0
3116	0
3117	0
3118	0
3119	0
3121	0
3122	1
3124	0
3126	0
3127	1
3128	0
3129	0
3131	1
3132	0
3133	0
3136	1
3137	0
3138	0
3140	1
3142	0
3143	1
3145	0
3146	0
3147	0
3148	0
3149	0
3150	1
3151	1
3152	0
3153	1
3154	1
3155	0
3156	0
3157	0
3158	0
3160	0
3161	0
3162	0
3163	0
3164	0
3165	0
3166	0
3167	0
3168	1
3169	0
3170	0
3171	1
3172	0
3174	1
3176	0
3177	1
3178	1
3180	0
3181	0
3182	0
3183	0
3185	0
3186	0
3187	0
3188	0
3189	0
3190	0
3192	0
3193	0
3194	0
3195	0
3196	1
3197	1
3198	0
3199	0
3200	1
3201	0
3202	1
3204	0
3205	1
3206	0
3207	0
3209	0
3210	1
3211	0
3213	1
3214	1
3215	1
3216	0
3217	1
3218	0
3219	1
3221	0
3222	0
3225	0
3226	0
3227	1
3228	0
3229	1
3230	0
3231	0
3233	0
3234	1
3235	0
3236	0
3239	1
3243	0
3244	1
3245	0
3246	1
3247	0
3248	1
3249	1
3250	0
3251	0
3252	0
3253	1
3255	1
3256	0
3257	0
3258	0
3260	0
3261	0
3262	0
3263	0
3264	1
3265	0
3266	1
3267	0
3268	0
3269	1
3271	1
3272	0
3273	0
3276	0
3277	0
3278	0
3279	0
3280	0
3282	0
3283	0
3284	0
3285	0
3287	0
3288	0
3289	0
3290	0
3293	0
3294	0
3295	0
3297	0
3298	0
3299	1
3300	0
3301	1
3302	0
3303	0
3304	1
3305	0
3306	0
3307	0
3309	0
3310	0
3311	0
3312	1
3313	0
3314	0
3316	0
3317	0
3318	0
3319	1
3320	0
3322	1
3323	0
3325	1
3326	0
3327	0
3328	0
3329	0
3330	1
3332	0
3334	0
3335	0
3338	0
3339	0
3340	0
3342	1
3343	1
3344	0
3346	0
3347	1
3348	0
3349	1
3350	1
3351	1
3352	0
3353	0
3354	0
3355	0
3356	0
3358	1
3359	0
3360	1
3361	0
3362	1
3363	1
3364	0
3365	0
3366	0
3367	0
3368	0
3369	0
3370	0
3371	0
3372	0
3373	0
3374	0
3376	0
3377	0
3378	0
3379	0
3381	0
3382	1
3383	0
3384	0
3385	1
3386	0
3387	0
3388	1
3389	0
3390	1
3392	0
3393	0
3395	0
3396	0
3398	0
3400	0
3401	0
3402	0
3403	0
3405	0
3406	1
3407	1
3408	0
3409	0
3412	0
3413	1
3414	0
3415	0
3417	1
3418	1
3419	0
3420	1
3421	0
3422	0
3423	0
3424	0
3425	0
3426	0
3427	0
3428	0
3429	1
3430	1
3432	0
3433	0
3434	0
3435	0
3436	0
3437	1
3438	1
3439	0
3440	0
3441	1
3442	0
3443	1
3444	0
3449	0
3450	0
3451	1
3452	0
3454	0
3455	1
3457	0
3459	0
3460	0
3461	0
3463	0
3464	1
3465	0
3466	0
3467	0
3468	0
3470	0
3471	0
3474	0
3476	0
3477	1
3478	0
3480	0
3481	0
3482	0
3483	1
3484	0
3486	1
3488	0
3489	0
3490	0
3491	0
3492	0
3493	0
3494	0
3495	0
3496	0
3497	1
3498	0
3500	0
3501	1
3503	0
3504	0
3505	1
3506	0
3507	0
3509	0
3511	0
3512	0
3513	0
3514	0
3515	0
3516	0
3518	1
3519	1
3520	0
3521	0
3522	0
3523	0
3524	1
3525	1
3526	0
3527	0
3528	0
3529	1
3531	1
3532	1
3533	0
3535	0
3536	0
3537	0
3538	0
3539	1
3540	0
3541	0
3543	0
3544	1
3545	0
3546	0
3548	0
3549	1
3551	1
3552	1
3554	0
3555	0
3557	0
3558	0
3559	0
3560	1
3561	0
3562	1
3565	0
3566	0
3567	0
3568	0
3569	1
3570	0
3571	0
3572	0
3573	0
3574	1
3575	0
3576	0
3577	1
3579	0
3580	1
3581	0
3582	1
3583	1
3584	0
3585	0
3586	0
3587	0
3588	0
3590	1
3591	0
3592	1
3593	1
3594	0
3595	0
3596	1
3597	0
3598	0
3600	0
3602	0
3603	1
3604	1
3605	0
3607	0
3608	1
3610	0
3611	0
3612	0
3613	0
3615	0
3616	0
3617	0
3618	0
3619	0
3620	0
3621	0
3622	0
3623	0
3624	0
3625	0
3626	0
3627	1
3629	1
3630	0
3631	0
3632	0
3634	0
3636	0
3637	0
3638	0
3639	0
3641	0
3642	1
3645	0
3647	0
3650	0
3651	0
3652	0
3653	0
3655	1
3656	1
3657	0
3659	0
3660	0
3661	0
3662	0
3663	1
3665	0
3666	0
3668	1
3670	0
3671	0
3672	0
3673	0
3674	0
3675	0
3676	1
3677	1
3678	0
3679	0
3680	1
3682	1
3683	0
3685	0
3686	0
3687	1
3688	0
3689	0
3690	0
3691	0
3692	0
3693	0
3694	0
3696	0
3697	0
3698	0
3700	0
3701	0
3702	0
3703	0
3704	1
3706	0
3707	1
3708	0
3710	0
3711	0
3712	0
3713	1
3714	0
3716	0
3717	0
3719	0
3720	0
3721	0
3722	0
3723	0
3724	0
3725	0
3729	0
3730	0
3732	0
3733	0
3734	0
3735	0
3736	0
3737	0
3738	0
3743	1
3745	1
3747	0
3748	0
3750	1
3751	1
3752	1
3753	0
3754	0
3755	1
3756	0
3757	0
3758	1
3759	0
3760	0
3761	0
3762	0
3763	0
3764	0
3765	1
3766	1
3767	0
3768	0
3769	0
3770	1
3772	0
3773	0
3775	0
3777	0
3778	0
3779	1
3780	0
3781	1
3782	1
3783	0
3788	1
3789	1
3790	1
3791	0
3792	0
3794	1
3795	1
3796	0
3797	0
3798	0
3799	0
3801	0
3802	0
3804	0
3805	1
3806	0
3807	1
3809	0
3810	0
3811	0
3812	0
3813	0
3815	0
3816	1
3819	0
3820	0
3821	0
3822	0
3823	0
3824	0
3825	0
3826	0
3827	0
3828	0
3831	1
3832	1
3833	0
3834	0
3835	0
3836	1
3837	0
3838	1
3839	0
3840	1
3841	0
3842	1
3844	0
3845	0
3846	0
3847	0
3848	0
3849	0
3850	0
3851	0
3852	0
3854	0
3855	0
3856	1
3857	0
3858	1
3860	0
3861	0
3862	0
3863	0
3864	0
3865	1
3866	0
3868	0
3869	0
3870	0
3871	0
3872	0
3873	1
3874	0
3875	0
3876	0
3877	0
3878	0
3879	0
3880	0
3881	0
3882	0
3884	0
3885	0
3886	0
3887	0
3889	0
3890	0
3891	1
3892	0
3894	0
3895	1
3898	0
3900	1
3901	0
3902	0
3904	0
3905	0
3907	1
3909	0
3910	0
3911	0
3912	0
3913	0
3914	0
3916	0
3918	0
3919	0
3920	0
3921	0
3922	0
3923	0
3925	0
3926	0
3927	1
3928	0
3929	0
3930	0
3931	0
3932	0
3933	1
3934	0
3935	0
3936	1
3937	0
3938	0
3939	0
3940	0
3941	0
3942	0
3943	1
3944	1
3945	1
3947	0
3948	1
3949	0
3950	0
3951	1
3952	1
3953	0
3954	0
3955	0
3958	0
3959	1
3960	1
3961	0
3963	0
3964	0
3966	0
3967	1
3969	0
3970	1
3971	1
3972	1
3973	0
3975	1
3976	1
3977	0
3978	0
3979	1
3980	0
3981	1
3982	0
3983	0
3984	0
3985	0
3986	0
3987	1
3988	1
3989	0
3990	0
3992	0
3994	0
3998	0
3999	0
4000	0
4001	1
4002	0
4003	0
4004	0
4005	0
4006	0
4008	0
4009	0
4010	0
4011	0
4012	0
4013	0
4015	1
4016	0
4018	1
4019	0
4020	0
4022	0
4024	0
4025	1
4026	0
4027	1
4029	1
4031	0
4032	0
4034	0
4035	0
4036	0
4037	0
4038	0
4040	0
4041	0
4042	0
4043	1
4044	1
4045	0
4046	0
4047	0
4049	0
4051	0
4052	0
4053	0
4055	0
4056	0
4057	0
4058	0
4059	0
4060	0
4061	0
4062	0
4063	1
4065	1
4066	0
4067	0
4068	0
4069	0
4070	0
4071	0
4073	0
4074	0
4075	0
4076	0
4077	1
4078	0
4079	0
4081	0
4082	0
4083	0
4085	1
4086	1
4089	0
4090	0
4091	0
4093	0
4094	0
4095	0
4096	0
4097	0
4098	0
4099	0
4101	0
4103	0
4104	0
4105	0
4106	0
4107	1
4108	0
4109	0
4111	0
4113	0
4115	0
4116	0
4117	0
4118	0
4120	0
4121	0
4122	0
4123	1
4124	0
4125	0
4126	0
4127	0
4128	0
4129	0
4130	0
4132	0
4133	0
4134	1
4135	0
4136	0
4137	0
4139	0
4141	0
4142	0
4143	1
4144	0
4146	0
4150	0
4151	0
4152	0
4154	0
4155	0
4158	1
4160	0
4161	0
4162	1
4163	0
4164	0
4165	1
4166	1
4167	0
4168	1
4169	0
4170	0
4171	0
4172	0
4173	1
4174	1
4175	0
4176	0
4177	0
4179	1
4181	1
4183	0
4184	0
4185	0
4186	0
4188	0
4189	0
4190	0
4191	1
4192	0
4193	0
4194	0
4196	0
4197	1
4199	1
4201	1
4202	0
4204	0
4205	1
4206	1
4207	0
4208	1
4209	0
4210	0
4211	0
4212	0
4213	0
4214	1
4215	0
4216	0
4218	0
4219	0
4220	0
4222	1
4224	1
4226	1
4227	0
4228	0
4229	0
4230	0
4231	1
4232	1
4233	0
4234	1
4235	0
4236	1
4237	0
4239	0
4240	0
4241	0
4242	0
4245	0
4246	1
4247	0
4248	0
4249	1
4252	1
4254	0
4255	0
4257	0
4258	0
4259	0
4261	1
4262	1
4263	0
4264	0
4265	0
4268	1
4269	0
4271	0
4274	1
4275	1
4276	1
4277	0
4278	1
4279	0
4281	0
4283	1
4284	0
4285	0
4287	0
4288	1
4290	0
4291	0
4292	0
4293	1
4294	0
4295	0
4296	0
4298	1
4299	1
4300	1
4301	0
4302	0
4303	0
4304	0
4305	1
4306	0
4307	0
4308	0
4309	0
4310	0
4311	0
4313	1
4314	0
4315	0
4317	1
4318	0
4319	0
4320	0
4321	0
4322	1
4323	0
4325	0
4326	1
4327	0
4328	0
4329	1
4330	1
4332	1
4334	0
4335	0
4336	1
4337	0
4338	1
4339	0
4340	1
4343	0
4344	0
4345	1
4346	0
4347	1
4348	0
4350	0
4351	0
4352	0
4353	0
4356	0
4357	1
4358	0
4359	0
4360	1
4361	0
4362	0
4364	0
4365	1
4367	0
4368	0
4369	0
4371	1
4372	0
4373	0
4375	1
4376	1
4377	0
4378	0
4379	0
4381	0
4382	0
4383	1
4384	0
4385	0
4386	0
4387	1
4389	0
4390	0
4391	1
4392	0
4393	0
4394	0
4395	0
4396	0
4397	0
4398	1
4399	1
4400	1
4401	0
4402	1
4403	0
4404	0
4405	0
4406	0
4407	0
4408	1
4409	0
4411	0
4412	0
4414	0
4415	0
4416	0
4417	0
4418	1
4420	0
4422	0
4424	0
4425	0
4426	0
4427	0
4428	0
4429	0
4430	1
4432	0
4433	0
4434	1
4435	0
4436	0
4437	1
4438	0
4441	0
4442	0
4443	0
4444	1
4446	0
4447	0
4449	0
4450	0
4451	0
4452	1
4453	0
4454	0
4456	1
4458	1
4459	0
4460	0
4461	0
4463	0
4464	1
4465	0
4466	0
4468	1
4469	1
4470	0
4471	0
4472	1
4473	0
4474	0
4475	0
4476	0
4477	0
4479	0
4480	0
4481	0
4482	1
4483	1
4484	1
4485	0
4488	0
4489	0
4490	0
4491	0
4492	0
4493	1
4494	0
4495	0
4496	0
4497	0
4498	0
4499	0
4500	0
4501	0
4502	0
4504	1
4505	0
4507	0
4508	0
4509	0
4511	0
4512	0
4513	0
4515	0
4516	0
4517	1
4518	0
4519	0
4520	0
4521	0
4523	0
4524	0
4525	0
4528	0
4529	0
4530	1
4531	0
4532	0
4533	0
4538	0
4540	1
4541	0
4542	0
4544	0
4545	0
4547	0
4548	0
4549	1
4550	0
4551	0
4553	1
4554	1
4555	1
4556	0
4557	0
4558	0
4559	0
4561	1
4562	0
4563	1
4564	0
4565	0
4568	1
4569	0
4570	0
4571	0
4572	1
4573	0
4574	0
4575	1
4576	1
4577	0
4578	0
4580	1
4581	0
4582	1
4585	0
4586	0
4587	0
4588	1
4589	0
4590	1
4591	0
4592	0
4593	1
4594	0
4595	0
4596	1
4597	1
4598	1
4599	1
4600	0
4604	0
4605	0
4606	1
4607	0
4608	1
4610	1
4611	1
4612	1
4613	0
4614	1
4615	0
4616	0
4617	1
4618	0
4619	1
4620	1
4621	0
4623	0
4624	0
4625	0
4626	0
4627	0
4628	1
4629	1
4631	0
4632	0
4633	0
4634	0
4635	0
4636	0
4637	1
4638	0
4640	0
4641	0
4642	0
4643	0
4645	1
4646	1
4647	0
4648	0
4649	0
4650	0
4651	1
4652	1
4654	0
4655	1
4656	0
4657	0
4658	0
4659	1
4660	1
4661	0
4662	1
4666	0
4667	0
4668	0
4669	0
4670	0
4671	0
4672	0
4673	0
4674	1
4675	1
4676	0
4677	0
4678	0
4679	0
4680	0
4681	1
4682	0
4683	0
4686	0
4687	0
4688	0
4689	0
4690	1
4691	1
4692	1
4693	0
4694	0
4695	0
4696	0
4697	0
4698	1
4699	1
4700	1
4701	0
4702	0
4703	0
4704	0
4705	1
4707	0
4709	0
4711	0
4712	0
4713	0
4714	0
4715	0
4717	0
4718	0
4719	1
4722	0
4723	0
4724	1
4725	0
4726	1
4727	1
4729	0
4730	0
4731	0
4733	0
4735	0
4738	0
4739	0
4741	0
4742	0
4743	0
4746	0
4747	0
4748	0
4752	1
4753	0
4754	1
4755	1
4756	0
4757	0
4758	1
4759	1
4760	0
4761	0
4762	1
4763	0
4764	0
4765	1
4767	1
4769	0
4770	1
4771	1
4772	0
4775	0
4776	1
4780	0
4781	1
4784	1
4786	0
4788	0
4789	0
4790	1
4791	0
4794	1
4795	0
4796	0
4797	1
4798	0
4799	1
4800	0
4801	0
4802	0
4803	1
4805	0
4806	0
4807	0
4808	0
4809	1
4810	0
4814	0
4817	0
4818	1
4819	0
4820	0
4821	0
4822	1
4823	0
4825	0
4826	0
4827	0
4828	1
4830	0
4831	1
4832	0
4833	0
4834	1
4835	0
4837	0
4839	1
4842	1
4844	0
4845	1
4846	1
4847	0
4850	1
4851	0
4852	0
4853	0
4854	1
4855	0
4856	0
4857	0
4858	0
4859	1
4860	0
4861	0
4862	0
4863	1
4864	0
4865	1
4866	0
4868	0
4869	1
4870	1
4871	0
4872	0
4875	0
4876	1
4877	0
4879	0
4880	1
4881	0
4882	0
4883	1
4884	0
4885	0
4887	0
4888	1
4889	0
4890	1
4891	0
4892	0
4893	0
4894	0
4895	1
4896	0
4897	0
4898	0
4899	0
4900	0
4901	0
4902	0
4903	0
4904	0
4905	1
4906	0
4907	1
4908	0
4909	1
4910	0
4912	1
4914	1
4915	0
4916	0
4917	0
4919	0
4920	0
4923	0
4924	1
4925	1
4926	0
4927	0
4928	1
4929	0
4930	0
4931	0
4932	0
4933	0
4934	1
4935	0
4937	0
4938	1
4940	1
4941	0
4943	1
4944	0
4946	1
4947	0
4948	0
4949	0
4950	0
4951	1
4952	1
4953	0
4954	0
4955	0
4956	0
4957	0
4958	0
4959	0
4962	0
4966	0
4968	1
4972	0
4973	1
4974	0
4975	0
4976	0
4977	0
4978	0
4979	0
4981	0
4982	0
4983	1
4986	0
4987	1
4988	0
4989	0
4990	1
4991	1
4992	1
4993	0
4994	0
4997	0
4998	1
4999	1
5000	0
5001	1
5002	0
5004	1
5005	0
5006	0
5007	1
5009	1
5010	0
5013	0
5014	0
5015	0
5016	1
5018	1
5019	0
5020	1
5021	0
5022	0
5023	0
5024	1
5027	1
5028	0
5029	0
5030	0
5031	1
5033	1
5034	1
5035	1
5036	0
5037	0
5038	0
5039	1
5040	0
5041	1
5042	1
5043	1
5044	1
5045	0
5046	0
5047	0
5048	1
5050	1
5051	1
5052	0
5053	0
5054	0
5055	1
5056	0
5057	0
5060	0
5061	1
5062	0
5063	1
5064	0
5065	0
5066	1
5067	0
5068	0
5069	1
5071	1
5072	0
5073	0
5074	0
5075	0
5076	0
5077	0
5078	0
5079	0
5080	1
5081	1
5082	0
5083	0
5084	0
5085	0
5086	0
5087	1
5089	1
5091	0
5092	0
5093	0
5094	0
5095	1
5096	0
5097	0
5098	0
5099	0
5100	0
5102	0
5103	1
5104	0
5107	1
5108	1
5109	1
5110	0
5111	0
5112	0
5113	0
5114	1
5115	0
5116	0
5117	1
5118	0
5119	1
5120	0
5121	0
5122	0
5124	0
5125	0
5126	0
5127	0
5128	0
5130	1
5131	1
5133	0
5134	0
5136	0
5137	0
5138	0
5140	0
5141	0
5142	0
5143	0
5144	1
5146	0
5147	0
5148	0
5149	0
5150	0
5151	0
5152	1
5153	0
5154	0
5155	0
5156	0
5157	0
5158	1
5159	0
5160	1
5162	0
5163	0
5164	1
5165	0
5166	0
5167	0
5168	0
5169	1
5171	0
5172	1
5173	0
5174	0
5175	1
5176	0
5177	0
5179	0
5180	0
5181	0
5182	1
5184	0
5185	1
5186	0
5187	0
5188	1
5189	1
5190	1
5191	1
5192	0
5193	0
5194	0
5195	0
5196	0
5198	1
5199	1
5201	0
5203	1
5204	0
5206	0
5207	0
5208	0
5209	0
5210	1
5211	0
5212	0
5213	0
5215	1
5216	0
5217	0
5218	0
5220	0
5221	1
5222	0
5223	0
5224	0
5225	0
5226	0
5227	0
5228	0
5229	0
5230	0
5231	0
5233	0
5234	1
5235	0
5236	0
5237	0
5238	1
5239	0
5240	1
5241	1
5242	0
5243	0
5244	0
5245	1
5246	1
5248	1
5249	1
5250	0
5251	1
5252	0
5253	1
5256	0
5257	1
5258	0
5259	0
5260	0
5261	0
5262	1
5263	0
5264	0
5266	0
5267	0
5268	1
5269	0
5270	0
5271	1
5272	0
5273	0
5274	0
5276	1
5277	0
5278	1
5280	0
5281	0
5284	0
5285	0
5287	0
5290	1
5291	0
5292	0
5293	0
5294	0
5295	0
5296	1
5298	0
5299	0
5300	0
5301	0
5302	1
5303	1
5304	1
5306	1
5307	0
5308	0
5309	0
5310	1
5311	0
5312	0
5314	1
5316	0
5317	1
5319	0
5320	1
5322	0
5323	0
5324	0
5325	1
5327	0
5328	1
5329	1
5330	1
5331	0
5332	0
5333	1
5334	1
5336	0
5337	1
5338	0
5339	0
5340	1
5341	1
5342	1
5343	1
5344	1
5345	1
5346	1
5348	0
5349	1
5352	1
5354	1
5355	0
5356	0
5358	0
5361	1
5363	0
5364	1
5365	0
5367	0
5369	0
5370	0
5373	0
5374	0
5375	0
5376	0
5377	1
5378	0
5380	0
5381	0
5382	0
5383	0
5384	1
5385	0
5387	1
5388	1
5390	0
5391	0
5392	0
5393	0
5394	0
5395	0
5396	0
5397	0
5398	0
5399	0
5400	1
5401	1
5402	1
5403	0
5404	0
5405	1
5406	1
5407	1
5409	0
5411	1
5412	0
5413	0
5414	0
5415	1
5416	1
5417	0
5418	1
5419	1
5420	1
5421	0
5422	0
5426	0
5428	1
5429	1
5430	1
5431	0
5432	0
5433	1
5434	1
5435	0
5436	0
5437	0
5439	0
5440	1
5441	0
5442	0
5443	0
5444	1
5445	0
5446	1
5447	0
5448	0
5450	0
5451	1
5452	0
5453	0
5454	0
5456	0
5457	0
5458	1
5459	1
5460	0
5461	0
5462	0
5464	0
5465	1
5466	0
5467	0
5468	0
5469	0
5470	0
5471	0
5472	0
5473	0
5474	0
5478	0
5479	0
5481	0
5482	0
5483	1
5484	0
5485	0
5486	0
5487	0
5488	0
5489	0
5490	0
5493	0
5494	1
5495	1
5497	0
5499	1
5501	0
5502	0
5503	1
5504	0
5505	1
5506	1
5507	0
5508	0
5509	0
5510	0
5511	0
5512	1
5513	0
5514	1
5516	1
5517	0
5518	0
5519	0
5521	1
5522	0
5523	0
5525	1
5527	0
5528	0
5529	0
5530	1
5531	0
5532	0
5533	1
5534	0
5535	0
5536	0
5538	0
5539	1
5540	0
5541	0
5543	0
5544	0
5546	0
5548	1
5549	1
5550	0
5551	1
5552	0
5553	0
5554	0
5555	0
5557	0
5558	0
5560	1
5561	1
5564	0
5565	0
5566	0
5567	0
5568	0
5569	1
5570	0
5571	1
5572	1
5573	1
5574	0
5575	0
5577	0
5578	1
5579	1
5580	0
5581	0
5582	0
5583	0
5584	1
5586	0
5587	0
5589	1
5590	1
5592	0
5593	0
5594	1
5595	0
5596	0
5597	1
5598	0
5599	0
5601	0
5602	0
5604	0
5606	1
5607	0
5608	0
5609	1
5611	1
5612	1
5613	1
5614	0
5615	0
5617	0
5619	1
5622	0
5623	0
5624	0
5625	0
5626	0
5627	0
5628	0
5629	0
5631	0
5635	1
5638	0
5640	0
5642	0
5643	1
5644	1
5645	0
5646	0
5647	0
5648	0
5650	1
5651	1
5653	0
5654	0
5655	1
5657	0
5658	0
5659	0
5660	0
5661	1
5662	0
5663	1
5664	0
5666	0
5667	0
5669	0
5672	1
5673	1
5674	0
5675	0
5676	0
5677	0
5678	0
5679	0
5682	0
5683	1
5684	0
5685	0
5686	0
5687	1
5688	1
5690	0
5691	0
5692	1
5693	1
5694	1
5695	1
5696	1
5698	0
5699	0
5700	1
5701	0
5702	0
5703	0
5705	1
5707	0
5708	0
5710	0
5711	0
5712	0
5713	1
5714	0
5715	0
5716	0
5717	0
5718	1
5721	0
5722	0
5724	0
5725	0
5726	0
5727	0
5728	1
5729	0
5730	0
5732	1
5733	0
5734	1
5735	0
5736	0
5737	0
5740	0
5741	0
5742	1
5743	1
5745	1
5746	0
5747	0
5748	0
5749	0
5750	0
5751	1
5752	1
5753	0
5755	1
5756	1
5757	0
5758	1
5759	1
5760	0
5761	0
5762	1
5764	1
5765	0
5767	0
5768	1
5770	0
5771	0
5772	0
5773	0
5774	0
5775	0
5776	0
5777	0
5778	0
5779	0
5781	0
5782	1
5783	1
5784	0
5786	0
5787	0
5788	0
5789	0
5790	1
5791	0
5793	0
5794	0
5795	0
5796	1
5797	0
5798	0
5799	0
5800	0
5802	1
5803	0
5804	1
5805	1
5806	1
5808	1
5809	0
5810	0
5811	0
5812	1
5813	0
5814	0
5816	0
5818	0
5819	0
5820	0
5821	0
5822	1
5823	0
5824	0
5825	1
5826	0
5829	1
5830	1
5831	0
5832	1
5833	1
5834	0
5835	1
5836	0
5838	1
5839	0
5840	1
5841	1
5842	0
5843	0
5845	1
5846	0
5847	1
5849	0
5850	1
5852	1
5853	0
5854	0
5856	1
5857	1
5858	0
5860	1
5861	1
5862	1
5863	1
5865	0
5866	1
5867	1
5869	1
5871	1
5872	0
5873	0
5874	0
5876	0
5877	0
5880	0
5881	0
5882	0
5883	1
5885	0
5886	0
5887	1
5888	0
5889	0
5890	0
5891	0
5893	0
5894	0
5896	0
5898	1
5899	0
5900	0
5901	1
5902	0
5904	1
5905	1
5906	1
5907	0
5908	0
5911	1
5912	0
5914	0
5915	0
5916	0
5918	0
5919	0
5920	1
5922	0
5923	0
5924	0
5925	1
5926	1
5927	0
5929	1
5930	1
5931	1
5932	0
5933	0
5934	0
5935	0
5937	0
5938	0
5939	1
5941	1
5942	0
5943	1
5944	1
5947	1
5948	0
5949	0
5951	0
5953	0
5954	0
5957	0
5958	0
5959	1
5960	1
5961	1
5963	0
5964	0
5965	0
5966	1
5967	0
5968	0
5969	0
5970	0
5971	0
5972	1
5973	0
5974	1
5975	0
5976	1
5978	0
5979	0
5980	0
5982	0
5983	0
5984	0
5985	1
5986	1
5987	0
5989	1
5990	1
5991	1
5992	1
5993	1
5994	0
5995	1
5996	1
5997	1
5998	0
5999	1
6002	0
6003	1
6004	1
6006	1
6007	0
6008	0
6009	1
6010	0
6011	0
6012	0
6013	1
6015	1
6016	0
6019	0
6021	0
6022	0
6023	0
6024	0
6025	1
6026	0
6027	0
6028	0
6030	0
6031	1
6032	0
6033	0
6035	1
6036	1
6038	1
6039	1
