uid	u_age
1	1
3	0
4	1
5	0
7	0
8	0
9	0
10	0
12	0
13	1
14	0
15	0
17	1
18	1
20	0
21	1
22	1
23	0
24	0
25	1
26	0
27	0
29	0
30	0
32	0
33	1
34	1
35	1
39	1
41	1
42	0
43	0
45	1
46	1
47	1
48	0
49	1
52	1
53	0
54	1
55	0
56	0
57	1
59	1
60	1
61	0
62	0
63	1
64	1
65	0
66	0
67	1
68	1
70	1
71	0
72	1
73	1
74	0
75	1
76	0
77	1
78	1
79	1
80	1
81	0
82	0
83	0
84	1
86	1
87	0
89	1
90	1
91	0
92	1
93	0
94	0
95	1
97	0
98	0
99	1
100	0
101	1
102	0
103	1
104	0
106	0
107	1
108	0
109	1
110	0
111	0
115	0
117	0
118	0
119	1
121	0
122	1
123	0
124	1
125	1
126	1
127	1
128	1
129	0
130	0
131	1
132	0
133	0
135	1
136	1
137	1
138	1
139	0
140	0
141	0
142	0
143	1
144	0
145	1
146	0
147	1
148	1
151	0
152	1
153	1
154	1
155	0
156	1
157	0
158	1
159	1
160	0
161	1
162	1
163	1
165	1
166	1
167	0
168	1
169	0
170	0
171	1
172	0
173	0
174	0
175	0
176	1
177	1
178	1
179	0
180	1
181	1
182	1
183	1
184	0
185	1
187	1
188	1
189	1
190	0
192	1
193	1
194	1
196	0
197	1
198	0
199	1
200	1
201	0
202	1
203	1
204	0
205	0
206	0
207	0
208	0
209	0
210	1
211	1
212	0
213	1
214	1
215	0
216	1
217	1
218	0
219	0
220	0
221	0
224	1
225	0
226	0
227	0
228	0
229	1
230	1
231	0
233	1
234	0
235	0
236	0
237	0
238	1
241	0
242	1
244	1
245	0
246	1
252	0
253	0
254	0
255	0
256	1
258	0
259	0
260	1
261	0
262	0
264	0
265	0
267	1
268	1
270	1
271	1
272	1
273	1
274	1
275	0
276	1
277	0
278	1
280	1
281	0
282	0
283	0
284	0
285	0
286	0
287	1
288	0
290	0
294	1
295	1
296	1
298	1
299	0
300	0
302	1
304	0
305	1
307	1
308	0
309	0
310	1
311	1
312	1
314	1
315	1
316	1
317	0
318	1
319	1
320	0
322	1
324	0
325	1
326	1
327	0
328	0
329	0
330	1
331	0
332	1
333	0
334	1
336	1
337	1
338	0
339	1
340	0
341	1
342	1
344	0
345	0
347	1
348	1
349	1
350	1
351	1
352	1
353	0
354	0
355	1
356	1
358	1
359	0
360	0
362	0
363	1
364	0
365	1
366	1
367	1
368	0
369	0
371	1
372	1
373	0
374	0
376	0
377	0
378	1
379	0
380	0
382	0
384	0
385	0
386	0
387	0
388	0
389	0
392	1
393	0
394	1
395	1
396	0
397	0
398	0
399	0
400	1
401	1
402	0
403	1
404	1
405	1
406	0
407	1
409	1
412	0
413	0
414	0
415	0
418	0
419	1
420	0
421	1
422	1
424	0
426	1
427	0
428	1
429	1
430	1
431	1
432	1
433	1
434	1
435	0
436	1
437	0
438	1
439	0
441	0
442	0
443	0
444	1
447	1
449	0
450	1
452	1
453	1
454	0
456	0
457	1
459	1
460	1
461	1
462	1
463	0
464	1
465	1
466	0
467	0
468	1
469	0
470	1
471	0
472	0
473	1
474	0
475	0
476	0
477	0
478	1
480	1
482	0
483	1
484	1
485	1
486	1
488	0
490	1
491	1
492	0
493	1
494	0
495	1
496	1
497	0
498	0
499	0
500	1
501	0
502	0
504	0
506	0
507	0
508	0
509	0
512	0
513	0
514	0
515	0
516	1
517	0
518	0
519	0
520	0
521	1
522	0
524	1
527	0
528	1
529	0
530	0
532	0
535	0
537	1
538	1
539	0
540	1
542	1
544	0
545	0
547	0
548	0
549	0
550	1
551	0
553	0
555	1
556	0
557	1
558	0
559	0
560	1
561	1
563	0
564	1
565	0
566	0
567	0
568	1
569	1
571	1
572	1
573	0
574	0
575	0
576	1
577	0
578	1
580	1
581	1
582	1
583	0
584	0
585	1
586	0
587	0
588	0
589	1
590	0
592	1
594	1
595	0
596	0
597	0
598	0
599	1
600	0
601	1
603	0
604	1
606	1
607	0
608	1
609	0
610	0
611	0
612	1
613	0
616	0
617	0
618	0
619	1
620	1
622	0
624	0
625	0
626	1
627	1
628	0
630	0
631	0
633	0
636	1
637	0
638	0
639	1
640	1
641	0
643	0
644	0
645	0
646	0
647	0
648	0
649	0
651	0
652	1
653	1
654	1
655	0
656	1
658	0
659	0
661	1
662	1
663	0
664	0
666	1
667	0
668	0
669	0
670	0
671	1
673	0
674	0
675	0
676	1
677	1
678	0
679	0
680	0
681	0
682	0
683	0
684	0
685	0
686	1
687	0
688	1
690	0
692	0
693	0
694	1
695	1
696	0
697	1
698	1
699	1
700	1
701	1
702	0
703	1
704	0
705	0
706	0
707	0
708	0
710	0
711	0
712	0
713	0
714	1
715	1
717	0
718	1
719	1
720	1
721	0
722	0
723	0
725	1
726	0
727	0
728	0
730	0
733	0
734	0
736	1
737	1
738	1
739	0
740	0
742	1
743	1
745	1
746	1
748	0
750	0
751	0
752	0
754	0
755	0
756	0
757	0
758	0
759	1
760	1
761	1
762	1
763	1
764	1
765	0
766	0
768	0
769	1
770	1
771	1
773	0
774	1
775	1
776	0
778	1
779	0
780	0
782	1
783	0
784	1
785	1
786	0
787	1
788	0
789	1
790	0
791	0
792	0
793	0
794	1
795	0
796	1
797	1
798	0
799	0
800	0
801	0
802	0
804	0
805	0
809	0
811	1
812	0
813	1
814	1
816	1
817	1
818	1
819	0
820	0
821	1
822	0
823	0
824	0
825	1
826	0
827	1
828	1
832	1
833	0
834	0
835	1
836	0
838	1
839	0
840	0
842	1
843	0
845	1
846	0
847	0
848	0
849	0
850	0
851	1
853	0
854	0
855	1
856	1
857	0
858	0
859	0
860	1
861	0
862	0
863	0
865	0
866	1
867	1
868	1
869	1
870	0
871	1
872	1
873	1
874	1
875	1
876	0
877	0
878	1
880	0
881	1
884	1
885	0
886	1
887	1
888	1
889	1
890	1
891	0
892	0
893	1
894	1
895	1
896	1
898	0
899	0
900	1
901	1
902	1
903	1
904	0
905	1
906	1
908	1
909	1
910	1
912	0
913	0
914	0
916	0
917	1
918	1
919	0
921	0
922	1
923	0
926	1
927	0
928	1
929	0
930	0
931	1
932	0
933	1
934	0
935	0
936	1
937	0
938	0
941	1
942	1
943	1
944	0
945	1
946	0
947	1
948	1
949	1
950	0
951	1
952	1
953	1
954	0
955	1
956	0
958	0
960	1
961	1
962	0
963	0
964	0
965	1
966	1
967	1
968	1
969	0
970	0
971	0
972	1
973	0
974	0
975	0
977	0
978	1
979	1
980	0
982	0
983	0
986	1
987	0
988	1
989	1
991	0
992	0
993	0
994	1
996	0
997	1
998	1
999	0
1000	0
1001	0
1002	1
1003	0
1004	0
1005	0
1008	0
1009	1
1013	1
1014	1
1015	0
1016	1
1018	1
1019	0
1020	1
1021	0
1022	0
1023	1
1025	0
1026	1
1027	1
1028	1
1029	0
1030	0
1031	0
1034	0
1035	1
1036	0
1037	1
1038	1
1040	0
1041	1
1042	0
1043	1
1044	0
1045	1
1046	1
1048	0
1049	1
1050	0
1051	0
1053	0
1054	1
1055	0
1056	1
1058	0
1059	0
1060	1
1061	1
1062	1
1063	0
1064	0
1065	0
1066	1
1068	1
1069	0
1070	1
1071	1
1072	0
1073	0
1074	1
1075	0
1076	0
1077	0
1079	0
1080	1
1081	1
1082	1
1085	0
1086	1
1087	0
1089	0
1090	0
1092	1
1093	1
1094	1
1097	1
1098	0
1099	0
1100	0
1102	1
1103	1
1104	0
1105	0
1106	1
1107	1
1108	1
1109	1
1110	1
1111	1
1112	1
1113	1
1114	1
1115	0
1116	0
1117	1
1118	1
1120	1
1122	1
1123	1
1124	0
1125	1
1126	1
1127	0
1128	0
1129	0
1132	1
1134	1
1135	1
1136	0
1137	1
1138	1
1139	0
1140	1
1143	1
1144	0
1145	1
1146	1
1147	0
1148	0
1149	0
1150	0
1152	1
1154	1
1158	0
1159	1
1161	0
1162	0
1163	1
1166	1
1167	1
1168	0
1169	0
1170	1
1171	1
1174	1
1175	0
1176	1
1177	0
1179	1
1180	1
1181	0
1182	1
1183	0
1184	0
1185	0
1186	1
1187	1
1188	1
1189	0
1190	1
1191	0
1192	1
1193	0
1194	0
1195	1
1197	0
1199	1
1200	1
1201	1
1202	0
1204	0
1206	1
1207	1
1209	0
1210	0
1211	1
1212	1
1213	1
1214	1
1215	0
1216	0
1218	1
1219	0
1220	1
1221	1
1225	1
1227	1
1231	0
1233	1
1234	1
1235	0
1236	0
1237	1
1239	0
1240	1
1241	1
1242	0
1243	0
1244	0
1245	0
1246	1
1247	0
1249	0
1250	1
1252	1
1255	0
1256	0
1258	1
1259	0
1260	0
1261	1
1262	0
1263	1
1264	0
1265	1
1266	0
1267	0
1268	1
1269	1
1271	1
1273	0
1274	1
1275	1
1276	0
1277	1
1278	1
1280	1
1282	1
1283	1
1284	1
1285	0
1286	0
1288	0
1289	1
1292	0
1293	0
1294	1
1295	0
1296	1
1297	0
1298	0
1299	0
1300	1
1301	0
1302	1
1303	0
1304	0
1307	1
1308	1
1309	0
1310	1
1312	0
1314	1
1315	0
1316	1
1319	0
1320	0
1322	1
1323	0
1325	0
1326	0
1328	0
1331	1
1332	0
1333	0
1335	0
1336	1
1338	0
1339	0
1340	0
1342	0
1343	0
1344	0
1345	0
1346	0
1347	1
1348	1
1349	1
1351	0
1352	0
1353	1
1354	0
1355	1
1357	1
1358	0
1359	0
1360	0
1362	0
1363	1
1364	1
1366	1
1367	0
1368	0
1369	0
1371	1
1372	1
1373	0
1374	1
1375	1
1377	0
1378	1
1379	1
1380	1
1381	1
1382	1
1384	1
1385	0
1386	0
1387	1
1388	1
1389	0
1390	0
1392	1
1394	0
1397	0
1399	1
1400	0
1401	1
1403	0
1404	1
1405	1
1406	0
1407	0
1408	0
1411	0
1412	0
1413	1
1417	0
1418	1
1419	0
1421	1
1422	0
1423	0
1424	0
1428	1
1430	1
1431	1
1432	0
1433	1
1434	1
1436	1
1437	1
1438	1
1439	0
1440	0
1441	0
1442	1
1443	0
1444	0
1446	0
1447	1
1448	0
1449	0
1450	1
1451	0
1452	1
1453	0
1454	1
1456	0
1457	0
1458	1
1459	0
1460	1
1461	1
1462	0
1464	0
1465	1
1467	0
1468	1
1469	1
1470	1
1471	0
1472	0
1473	0
1475	0
1476	1
1477	1
1478	1
1479	1
1480	0
1481	0
1483	1
1484	0
1485	0
1486	0
1487	0
1488	0
1489	0
1491	1
1492	0
1494	0
1495	1
1496	0
1498	1
1499	1
1500	0
1502	1
1505	1
1506	0
1507	0
1508	1
1509	1
1510	0
1511	0
1512	0
1513	0
1514	1
1515	0
1516	0
1518	0
1521	0
1524	1
1525	0
1526	1
1528	0
1529	1
1530	0
1531	1
1532	1
1534	1
1535	1
1536	0
1538	0
1539	0
1541	1
1542	1
1543	0
1544	0
1545	0
1547	1
1548	0
1549	0
1550	1
1552	1
1553	0
1555	1
1556	1
1557	1
1558	1
1559	0
1560	0
1561	1
1564	1
1567	0
1569	1
1570	1
1572	0
1573	1
1574	0
1575	1
1578	1
1579	0
1580	1
1581	1
1582	1
1584	0
1585	1
1586	1
1587	0
1588	0
1589	0
1590	0
1592	0
1594	0
1595	0
1596	1
1597	0
1598	0
1600	0
1601	0
1602	0
1603	0
1604	0
1605	1
1606	0
1607	1
1609	0
1610	0
1611	0
1612	0
1613	1
1614	0
1615	1
1616	0
1618	1
1619	1
1620	0
1621	0
1622	1
1623	1
1624	0
1625	1
1627	1
1628	1
1629	1
1630	1
1631	1
1632	0
1633	1
1634	1
1635	0
1636	0
1637	1
1639	0
1640	0
1641	0
1642	1
1644	1
1647	1
1650	0
1651	0
1652	0
1653	1
1654	1
1655	1
1658	0
1659	1
1660	0
1661	0
1662	0
1663	1
1664	1
1665	1
1666	0
1667	1
1669	0
1671	0
1672	0
1673	1
1674	0
1675	0
1676	1
1677	1
1678	1
1680	0
1681	1
1682	0
1683	0
1686	0
1687	0
1688	1
1689	0
1691	0
1693	0
1694	0
1695	0
1696	0
1697	1
1698	0
1699	0
1700	0
1701	0
1702	1
1703	1
1704	0
1705	1
1706	0
1707	1
1708	0
1709	0
1710	1
1713	0
1716	0
1717	1
1718	1
1719	1
1720	1
1721	1
1722	0
1723	0
1724	1
1725	1
1726	0
1727	0
1728	1
1730	1
1733	1
1734	1
1735	1
1736	1
1737	0
1738	0
1739	1
1740	1
1741	0
1742	0
1743	0
1744	0
1745	1
1746	0
1747	0
1748	1
1749	0
1750	1
1751	0
1752	0
1753	0
1755	1
1756	0
1757	0
1759	0
1761	0
1762	0
1763	0
1764	1
1765	1
1767	0
1768	1
1769	0
1770	0
1771	0
1772	1
1773	1
1774	0
1775	0
1776	0
1777	0
1778	1
1779	1
1780	0
1781	0
1782	1
1783	1
1784	1
1786	1
1787	1
1788	1
1790	0
1791	1
1792	0
1793	0
1794	0
1796	1
1797	0
1799	0
1800	1
1802	1
1803	0
1804	0
1805	1
1806	1
1807	1
1808	1
1809	0
1810	1
1811	1
1812	0
1813	0
1816	0
1817	0
1818	1
1819	0
1820	0
1821	0
1822	0
1823	0
1824	1
1825	0
1826	1
1828	1
1830	1
1831	1
1832	1
1833	1
1834	0
1835	0
1836	0
1837	0
1838	0
1839	1
1840	0
1841	1
1843	0
1844	1
1845	0
1846	1
1847	1
1848	0
1849	0
1850	1
1851	0
1852	0
1853	1
1855	1
1856	1
1857	1
1858	1
1859	0
1860	1
1861	1
1862	1
1864	0
1865	1
1866	0
1867	1
1868	1
1869	1
1870	1
1871	1
1872	1
1873	0
1874	1
1876	0
1877	1
1878	1
1880	0
1881	0
1882	0
1884	1
1886	0
1887	1
1888	0
1889	1
1890	1
1891	1
1893	0
1895	0
1896	1
1897	1
1901	1
1902	0
1903	0
1904	1
1905	0
1906	0
1907	0
1911	1
1912	0
1913	0
1914	0
1915	1
1917	1
1918	1
1919	1
1920	0
1921	1
1922	0
1923	0
1924	1
1925	1
1926	1
1928	1
1929	1
1930	0
1931	0
1932	0
1933	1
1934	0
1935	1
1936	0
1937	0
1938	0
1939	0
1940	0
1941	0
1942	0
1943	1
1944	1
1945	0
1946	0
1947	0
1949	1
1950	0
1953	0
1954	0
1956	0
1957	1
1960	1
1961	1
1962	1
1963	1
1964	0
1965	1
1966	0
1968	0
1969	0
1970	1
1971	0
1972	1
1973	0
1975	1
1977	1
1978	1
1979	1
1980	0
1981	1
1982	1
1983	0
1987	0
1988	0
1990	0
1991	0
1992	1
1993	0
1994	0
1995	0
1996	0
1997	0
1998	1
1999	0
2000	1
2001	1
2004	1
2005	1
2006	0
2007	1
2008	0
2009	0
2010	1
2012	0
2013	1
2014	1
2015	1
2016	1
2017	0
2018	0
2019	1
2020	0
2021	0
2023	1
2024	1
2026	1
2027	0
2028	1
2030	0
2031	0
2032	1
2033	1
2035	1
2038	1
2039	1
2040	0
2041	0
2042	1
2043	0
2044	1
2045	1
2047	1
2048	1
2049	1
2050	0
2051	0
2052	1
2053	1
2054	0
2055	1
2056	0
2057	0
2059	0
2060	1
2061	1
2062	1
2063	0
2064	0
2065	0
2066	0
2067	1
2068	0
2069	1
2070	0
2071	1
2072	1
2074	1
2075	0
2077	1
2078	1
2079	1
2081	1
2082	1
2083	1
2085	1
2086	0
2087	0
2088	1
2089	0
2091	0
2093	1
2094	0
2096	0
2097	1
2099	1
2101	0
2102	0
2103	0
2104	1
2105	0
2106	1
2107	0
2109	0
2110	1
2111	1
2112	1
2113	0
2114	1
2115	0
2118	0
2119	0
2121	1
2122	0
2123	0
2124	0
2125	0
2126	1
2127	1
2128	1
2129	0
2131	0
2132	1
2133	1
2134	1
2136	0
2137	1
2138	1
2139	1
2140	1
2142	1
2144	1
2146	1
2147	1
2150	1
2151	1
2152	1
2153	1
2154	0
2156	1
2157	1
2158	0
2161	0
2162	1
2163	1
2165	0
2166	1
2167	0
2168	1
2169	1
2170	1
2171	0
2172	1
2173	1
2174	1
2175	0
2176	1
2177	0
2178	1
2179	0
2180	0
2181	0
2184	1
2185	1
2186	1
2187	1
2188	1
2189	1
2190	0
2191	1
2193	1
2194	0
2195	1
2196	0
2199	1
2201	1
2202	1
2203	1
2204	1
2205	0
2206	1
2207	1
2209	0
2211	1
2212	1
2213	0
2214	0
2215	0
2216	0
2217	1
2218	0
2219	0
2220	1
2221	1
2222	1
2223	0
2225	0
2229	1
2230	1
2231	1
2233	0
2234	1
2235	1
2236	1
2237	0
2238	0
2239	1
2241	1
2242	1
2243	1
2244	1
2246	0
2247	1
2248	0
2249	0
2250	1
2251	0
2252	1
2254	0
2255	0
2256	1
2257	1
2258	1
2259	1
2260	0
2261	0
2262	1
2263	0
2264	1
2265	1
2267	1
2268	0
2269	1
2270	1
2271	1
2272	0
2273	0
2274	1
2276	1
2277	1
2278	1
2279	1
2280	1
2282	1
2283	0
2284	0
2286	0
2288	1
2289	1
2290	0
2292	1
2293	1
2294	1
2295	1
2297	1
2298	0
2300	1
2301	0
2302	1
2303	1
2304	1
2306	1
2308	1
2309	1
2311	0
2312	1
2313	1
2315	1
2317	1
2318	1
2319	0
2321	0
2322	1
2323	0
2324	0
2325	1
2326	1
2330	1
2331	1
2332	1
2333	1
2334	1
2335	1
2336	0
2337	0
2339	1
2340	0
2342	0
2344	0
2345	0
2347	0
2348	1
2349	0
2351	0
2352	1
2353	0
2354	0
2355	1
2356	1
2357	0
2358	1
2363	1
2364	1
2365	1
2366	1
2367	0
2368	1
2371	0
2373	1
2374	0
2375	1
2376	0
2377	0
2378	0
2379	1
2380	0
2381	0
2382	1
2383	0
2384	0
2385	1
2386	0
2387	0
2388	1
2390	0
2392	1
2393	1
2394	0
2395	0
2396	1
2397	0
2398	0
2399	0
2400	0
2401	0
2404	1
2406	1
2407	0
2408	1
2409	0
2410	1
2411	0
2412	1
2413	1
2414	0
2416	1
2417	1
2418	1
2419	0
2420	1
2422	1
2424	0
2425	0
2427	0
2428	1
2429	0
2430	0
2431	0
2433	0
2436	0
2438	0
2439	1
2440	1
2441	1
2442	0
2446	1
2447	0
2448	0
2450	1
2451	1
2452	1
2453	0
2455	0
2457	0
2458	0
2459	1
2460	1
2461	1
2462	0
2464	1
2466	0
2467	1
2468	1
2469	0
2470	0
2471	1
2472	0
2474	0
2476	1
2477	1
2478	1
2480	1
2483	1
2484	1
2485	0
2488	1
2489	0
2491	0
2492	1
2494	1
2495	1
2496	1
2497	1
2498	1
2499	1
2500	1
2501	0
2502	1
2503	0
2506	0
2507	0
2509	0
2510	0
2512	1
2513	1
2514	1
2515	1
2516	1
2517	0
2518	0
2521	0
2522	1
2524	1
2525	0
2526	1
2527	0
2528	1
2529	0
2531	1
2532	1
2533	0
2535	1
2536	1
2538	1
2539	0
2540	1
2541	0
2542	1
2543	0
2544	1
2545	1
2546	1
2547	0
2548	0
2549	1
2550	1
2551	0
2552	0
2553	0
2554	0
2555	1
2556	0
2558	1
2559	1
2560	1
2561	0
2562	1
2564	0
2565	0
2566	0
2567	0
2568	0
2569	1
2570	1
2571	0
2572	0
2573	1
2574	1
2575	0
2576	1
2577	0
2578	1
2579	0
2580	1
2581	0
2582	0
2583	0
2584	1
2585	1
2586	0
2587	0
2588	1
2589	0
2592	1
2593	1
2594	0
2596	1
2597	1
2599	0
2600	0
2601	0
2603	0
2604	0
2607	1
2608	0
2609	1
2611	0
2613	0
2614	0
2615	0
2616	0
2617	1
2618	1
2619	0
2620	1
2621	1
2622	0
2623	1
2626	1
2629	0
2630	1
2631	1
2633	0
2634	1
2635	0
2637	0
2638	0
2639	0
2640	0
2641	0
2642	0
2643	1
2644	1
2645	0
2647	0
2648	0
2649	0
2650	1
2651	1
2652	0
2653	0
2654	0
2655	0
2658	0
2659	0
2660	1
2661	1
2664	0
2666	1
2667	0
2668	0
2669	1
2670	0
2671	0
2673	0
2674	0
2675	0
2677	0
2679	1
2681	0
2682	1
2683	0
2684	1
2685	1
2686	0
2687	1
2689	0
2690	0
2691	1
2692	1
2693	1
2695	0
2696	0
2697	1
2699	1
2701	1
2702	1
2703	0
2705	0
2706	0
2707	1
2708	0
2709	0
2710	0
2711	0
2712	1
2713	0
2714	1
2715	1
2716	1
2717	0
2718	0
2719	0
2720	0
2722	0
2723	0
2724	1
2726	1
2727	0
2728	0
2730	0
2731	0
2732	1
2733	1
2734	1
2735	0
2736	1
2738	1
2742	0
2743	0
2744	1
2746	1
2747	1
2748	0
2749	0
2750	0
2753	1
2754	1
2755	0
2756	1
2757	0
2758	1
2760	1
2761	0
2762	1
2763	1
2765	1
2769	0
2770	0
2772	0
2773	0
2775	1
2776	0
2777	1
2778	1
2779	0
2780	0
2781	0
2782	1
2783	1
2785	1
2790	0
2793	0
2794	0
2795	1
2796	0
2797	0
2798	0
2799	1
2801	0
2802	0
2804	0
2805	1
2806	1
2807	0
2808	1
2809	0
2810	1
2811	0
2813	0
2814	0
2815	0
2818	0
2819	1
2820	0
2823	0
2825	0
2826	0
2827	0
2828	1
2830	0
2831	0
2833	0
2834	0
2837	1
2838	1
2839	0
2841	1
2842	0
2843	0
2844	0
2845	0
2846	1
2847	1
2848	0
2850	1
2851	0
2852	0
2853	1
2854	1
2855	0
2856	0
2857	0
2859	1
2861	0
2862	1
2863	0
2864	0
2865	0
2866	0
2867	1
2868	0
2869	1
2870	1
2872	0
2873	1
2874	0
2875	0
2876	0
2878	1
2879	1
2880	1
2881	0
2882	1
2883	1
2884	1
2885	1
2886	1
2887	0
2889	0
2890	0
2892	0
2893	0
2894	1
2895	0
2896	1
2897	0
2898	1
2899	0
2900	1
2901	0
2903	0
2905	0
2906	0
2907	0
2908	1
2910	1
2911	0
2912	1
2913	0
2916	1
2917	0
2918	0
2919	1
2920	0
2921	1
2922	0
2924	1
2925	0
2926	1
2927	0
2928	0
2932	0
2933	0
2934	0
2935	0
2936	1
2938	0
2939	0
2941	0
2942	1
2943	0
2944	1
2945	0
2946	0
2947	0
2948	1
2949	0
2950	1
2951	0
2952	0
2953	0
2954	1
2956	0
2957	1
2958	0
2961	1
2962	0
2963	1
2964	0
2965	0
2966	0
2967	0
2968	1
2969	0
2970	1
2972	0
2973	1
2976	1
2978	0
2979	0
2980	1
2983	1
2984	0
2985	1
2987	1
2989	0
2990	0
2991	1
2993	1
2994	0
2996	1
2997	0
2998	0
3000	0
3002	1
3003	1
3004	1
3005	0
3008	1
3009	0
3010	0
3012	0
3013	1
3014	0
3017	0
3018	0
3020	0
3021	1
3022	0
3024	0
3026	1
3027	1
3028	1
3029	1
3031	1
3033	1
3034	1
3035	0
3036	1
3037	0
3038	0
3039	1
3041	0
3044	0
3045	1
3046	1
3047	0
3048	1
3050	0
3051	1
3052	0
3053	0
3054	1
3055	0
3056	0
3057	0
3058	1
3059	0
3061	1
3062	1
3063	1
3064	0
3065	1
3066	1
3067	0
3068	0
3069	1
3070	1
3072	1
3073	0
3074	0
3075	0
3076	0
3077	1
3078	0
3079	0
3081	0
3082	0
3084	0
3085	0
3086	1
3087	1
3088	0
3089	1
3090	0
3091	0
3092	0
3093	1
3094	0
3095	0
3097	0
3098	0
3099	0
3100	0
3101	1
3104	1
3105	0
3106	0
3107	0
3108	1
3109	0
3110	0
3111	1
3112	1
3113	0
3114	1
3116	0
3117	0
3118	0
3119	1
3121	0
3122	0
3124	0
3126	0
3127	0
3128	1
3129	0
3131	0
3132	0
3133	1
3136	0
3137	0
3138	0
3140	0
3142	0
3143	1
3145	1
3146	0
3147	0
3148	1
3149	1
3150	0
3151	0
3152	1
3153	0
3154	0
3155	0
3156	0
3157	0
3158	0
3160	0
3161	0
3162	0
3163	1
3164	1
3165	0
3166	1
3167	0
3168	0
3169	1
3170	0
3171	1
3172	1
3174	1
3176	0
3177	0
3178	0
3180	0
3181	0
3182	0
3183	1
3185	1
3186	1
3187	0
3188	1
3189	0
3190	1
3192	1
3193	0
3194	0
3195	1
3196	1
3197	1
3198	0
3199	1
3200	0
3201	1
3202	1
3204	1
3205	0
3206	1
3207	0
3209	0
3210	1
3211	1
3213	0
3214	1
3215	1
3216	0
3217	0
3218	1
3219	1
3221	0
3222	0
3225	1
3226	0
3227	0
3228	0
3229	1
3230	0
3231	0
3233	1
3234	1
3235	1
3236	1
3239	0
3243	0
3244	1
3245	1
3246	0
3247	0
3248	0
3249	0
3250	0
3251	0
3252	1
3253	0
3255	0
3256	0
3257	0
3258	1
3260	0
3261	1
3262	0
3263	1
3264	0
3265	0
3266	0
3267	0
3268	0
3269	1
3271	0
3272	0
3273	0
3276	0
3277	0
3278	0
3279	1
3280	0
3282	1
3283	0
3284	0
3285	0
3287	1
3288	0
3289	1
3290	0
3293	1
3294	1
3295	1
3297	1
3298	1
3299	0
3300	0
3301	0
3302	0
3303	1
3304	1
3305	1
3306	1
3307	1
3309	0
3310	1
3311	0
3312	1
3313	0
3314	0
3316	1
3317	0
3318	1
3319	1
3320	0
3322	1
3323	0
3325	0
3326	1
3327	1
3328	1
3329	1
3330	0
3332	0
3334	0
3335	0
3338	1
3339	0
3340	1
3342	0
3343	1
3344	0
3346	0
3347	0
3348	1
3349	1
3350	1
3351	1
3352	0
3353	0
3354	0
3355	0
3356	0
3358	0
3359	0
3360	0
3361	0
3362	0
3363	0
3364	1
3365	1
3366	0
3367	1
3368	0
3369	1
3370	1
3371	0
3372	1
3373	1
3374	0
3376	0
3377	0
3378	1
3379	0
3381	0
3382	1
3383	1
3384	0
3385	0
3386	1
3387	1
3388	0
3389	1
3390	1
3392	1
3393	0
3395	0
3396	0
3398	1
3400	0
3401	0
3402	0
3403	0
3405	0
3406	0
3407	1
3408	0
3409	0
3412	0
3413	0
3414	0
3415	0
3417	1
3418	1
3419	1
3420	0
3421	1
3422	0
3423	0
3424	0
3425	1
3426	0
3427	0
3428	1
3429	0
3430	1
3432	0
3433	1
3434	1
3435	1
3436	0
3437	0
3438	0
3439	1
3440	1
3441	0
3442	1
3443	0
3444	1
3449	0
3450	0
3451	0
3452	0
3454	1
3455	0
3457	0
3459	1
3460	1
3461	0
3463	0
3464	0
3465	0
3466	0
3467	0
3468	0
3470	0
3471	1
3474	0
3476	1
3477	1
3478	0
3480	0
3481	1
3482	1
3483	1
3484	1
3486	1
3488	1
3489	1
3490	0
3491	0
3492	0
3493	0
3494	0
3495	1
3496	0
3497	0
3498	0
3500	0
3501	0
3503	1
3504	1
3505	0
3506	1
3507	0
3509	1
3511	1
3512	1
3513	0
3514	1
3515	0
3516	1
3518	1
3519	0
3520	0
3521	0
3522	1
3523	0
3524	0
3525	1
3526	0
3527	0
3528	0
3529	1
3531	0
3532	0
3533	0
3535	1
3536	1
3537	1
3538	0
3539	0
3540	1
3541	0
3543	0
3544	0
3545	0
3546	0
3548	1
3549	0
3551	1
3552	0
3554	0
3555	1
3557	1
3558	1
3559	1
3560	0
3561	0
3562	0
3565	0
3566	1
3567	0
3568	0
3569	1
3570	0
3571	1
3572	0
3573	1
3574	0
3575	0
3576	1
3577	1
3579	1
3580	1
3581	1
3582	0
3583	0
3584	1
3585	0
3586	0
3587	0
3588	0
3590	1
3591	0
3592	1
3593	0
3594	1
3595	0
3596	0
3597	0
3598	1
3600	0
3602	0
3603	0
3604	1
3605	1
3607	0
3608	0
3610	1
3611	0
3612	0
3613	0
3615	0
3616	1
3617	0
3618	1
3619	1
3620	0
3621	1
3622	1
3623	0
3624	0
3625	1
3626	0
3627	0
3629	1
3630	1
3631	1
3632	1
3634	1
3636	0
3637	0
3638	0
3639	1
3641	0
3642	0
3645	0
3647	0
3650	0
3651	0
3652	0
3653	1
3655	0
3656	1
3657	1
3659	1
3660	0
3661	0
3662	0
3663	0
3665	0
3666	1
3668	1
3670	1
3671	0
3672	0
3673	0
3674	0
3675	0
3676	0
3677	0
3678	0
3679	0
3680	0
3682	1
3683	0
3685	0
3686	0
3687	1
3688	1
3689	0
3690	1
3691	0
3692	0
3693	0
3694	0
3696	0
3697	0
3698	0
3700	0
3701	0
3702	0
3703	1
3704	0
3706	0
3707	1
3708	1
3710	1
3711	0
3712	0
3713	0
3714	0
3716	1
3717	0
3719	0
3720	1
3721	0
3722	0
3723	0
3724	0
3725	1
3729	1
3730	0
3732	0
3733	1
3734	1
3735	0
3736	0
3737	0
3738	1
3743	0
3745	0
3747	1
3748	1
3750	1
3751	0
3752	1
3753	0
3754	1
3755	1
3756	1
3757	0
3758	0
3759	0
3760	1
3761	0
3762	1
3763	0
3764	0
3765	1
3766	1
3767	0
3768	0
3769	0
3770	0
3772	0
3773	0
3775	0
3777	1
3778	0
3779	1
3780	1
3781	1
3782	0
3783	0
3788	1
3789	0
3790	0
3791	1
3792	0
3794	1
3795	1
3796	1
3797	0
3798	0
3799	1
3801	1
3802	1
3804	0
3805	0
3806	1
3807	0
3809	0
3810	1
3811	0
3812	0
3813	0
3815	0
3816	0
3819	0
3820	0
3821	0
3822	1
3823	1
3824	0
3825	1
3826	0
3827	1
3828	0
3831	1
3832	0
3833	0
3834	1
3835	0
3836	1
3837	0
3838	0
3839	1
3840	0
3841	1
3842	0
3844	1
3845	0
3846	0
3847	0
3848	0
3849	0
3850	1
3851	0
3852	1
3854	0
3855	0
3856	0
3857	1
3858	1
3860	1
3861	1
3862	0
3863	0
3864	1
3865	1
3866	1
3868	1
3869	1
3870	0
3871	1
3872	0
3873	1
3874	0
3875	0
3876	0
3877	1
3878	0
3879	0
3880	0
3881	1
3882	1
3884	1
3885	0
3886	0
3887	1
3889	1
3890	1
3891	1
3892	0
3894	0
3895	0
3898	1
3900	0
3901	1
3902	0
3904	1
3905	0
3907	1
3909	1
3910	0
3911	1
3912	0
3913	1
3914	0
3916	0
3918	0
3919	1
3920	0
3921	0
3922	1
3923	0
3925	0
3926	0
3927	0
3928	0
3929	0
3930	1
3931	0
3932	0
3933	0
3934	0
3935	0
3936	0
3937	1
3938	0
3939	1
3940	0
3941	1
3942	1
3943	0
3944	0
3945	1
3947	0
3948	1
3949	1
3950	0
3951	1
3952	1
3953	0
3954	1
3955	0
3958	1
3959	1
3960	0
3961	0
3963	1
3964	1
3966	0
3967	1
3969	1
3970	0
3971	1
3972	0
3973	0
3975	0
3976	0
3977	0
3978	0
3979	1
3980	0
3981	1
3982	1
3983	0
3984	0
3985	1
3986	0
3987	1
3988	0
3989	1
3990	0
3992	0
3994	1
3998	1
3999	0
4000	0
4001	0
4002	1
4003	1
4004	1
4005	0
4006	1
4008	1
4009	1
4010	0
4011	0
4012	1
4013	0
4015	1
4016	1
4018	1
4019	0
4020	0
4022	0
4024	0
4025	1
4026	0
4027	0
4029	1
4031	0
4032	0
4034	0
4035	1
4036	0
4037	1
4038	1
4040	0
4041	1
4042	0
4043	0
4044	0
4045	1
4046	1
4047	1
4049	1
4051	1
4052	0
4053	0
4055	1
4056	1
4057	0
4058	0
4059	0
4060	0
4061	1
4062	0
4063	0
4065	1
4066	0
4067	1
4068	1
4069	0
4070	0
4071	0
4073	0
4074	0
4075	0
4076	0
4077	0
4078	0
4079	0
4081	1
4082	0
4083	1
4085	0
4086	1
4089	0
4090	1
4091	0
4093	0
4094	0
4095	0
4096	0
4097	0
4098	0
4099	0
4101	1
4103	1
4104	1
4105	1
4106	0
4107	0
4108	0
4109	0
4111	0
4113	0
4115	0
4116	0
4117	1
4118	0
4120	0
4121	1
4122	1
4123	0
4124	0
4125	0
4126	0
4127	1
4128	0
4129	1
4130	0
4132	0
4133	1
4134	1
4135	1
4136	1
4137	0
4139	1
4141	0
4142	1
4143	0
4144	1
4146	0
4150	0
4151	1
4152	0
4154	0
4155	1
4158	1
4160	0
4161	1
4162	0
4163	1
4164	0
4165	0
4166	0
4167	0
4168	1
4169	1
4170	1
4171	1
4172	0
4173	1
4174	0
4175	0
4176	1
4177	0
4179	0
4181	0
4183	0
4184	1
4185	0
4186	0
4188	1
4189	0
4190	1
4191	1
4192	0
4193	1
4194	1
4196	0
4197	1
4199	0
4201	0
4202	0
4204	0
4205	0
4206	0
4207	0
4208	0
4209	1
4210	0
4211	1
4212	1
4213	0
4214	0
4215	0
4216	0
4218	1
4219	0
4220	0
4222	1
4224	1
4226	0
4227	0
4228	1
4229	0
4230	1
4231	1
4232	0
4233	0
4234	1
4235	1
4236	0
4237	0
4239	1
4240	0
4241	0
4242	1
4245	1
4246	0
4247	0
4248	0
4249	1
4252	0
4254	0
4255	1
4257	1
4258	0
4259	0
4261	0
4262	0
4263	0
4264	1
4265	0
4268	1
4269	0
4271	0
4274	1
4275	1
4276	1
4277	0
4278	1
4279	0
4281	1
4283	0
4284	1
4285	0
4287	0
4288	0
4290	0
4291	0
4292	0
4293	1
4294	1
4295	1
4296	1
4298	1
4299	0
4300	1
4301	0
4302	1
4303	0
4304	1
4305	1
4306	1
4307	0
4308	0
4309	0
4310	0
4311	1
4313	0
4314	0
4315	1
4317	0
4318	0
4319	0
4320	0
4321	1
4322	1
4323	1
4325	0
4326	1
4327	0
4328	1
4329	0
4330	1
4332	0
4334	0
4335	0
4336	0
4337	1
4338	1
4339	0
4340	0
4343	0
4344	0
4345	0
4346	1
4347	1
4348	1
4350	1
4351	0
4352	1
4353	0
4356	0
4357	0
4358	0
4359	1
4360	0
4361	0
4362	0
4364	0
4365	1
4367	0
4368	1
4369	1
4371	1
4372	0
4373	1
4375	0
4376	0
4377	0
4378	1
4379	0
4381	0
4382	0
4383	1
4384	0
4385	0
4386	0
4387	1
4389	0
4390	0
4391	1
4392	1
4393	1
4394	0
4395	1
4396	1
4397	1
4398	1
4399	1
4400	1
4401	1
4402	1
4403	0
4404	0
4405	0
4406	0
4407	1
4408	1
4409	0
4411	1
4412	1
4414	0
4415	1
4416	1
4417	0
4418	1
4420	0
4422	0
4424	0
4425	0
4426	1
4427	1
4428	0
4429	0
4430	0
4432	0
4433	0
4434	0
4435	0
4436	0
4437	0
4438	1
4441	1
4442	1
4443	1
4444	0
4446	1
4447	1
4449	0
4450	0
4451	0
4452	0
4453	0
4454	0
4456	0
4458	0
4459	0
4460	0
4461	0
4463	1
4464	1
4465	1
4466	0
4468	0
4469	1
4470	0
4471	0
4472	1
4473	0
4474	0
4475	1
4476	1
4477	0
4479	1
4480	0
4481	0
4482	0
4483	0
4484	0
4485	0
4488	0
4489	1
4490	0
4491	1
4492	1
4493	1
4494	1
4495	1
4496	1
4497	1
4498	1
4499	0
4500	1
4501	0
4502	1
4504	0
4505	1
4507	1
4508	0
4509	0
4511	0
4512	0
4513	1
4515	1
4516	1
4517	1
4518	0
4519	1
4520	0
4521	0
4523	1
4524	0
4525	0
4528	0
4529	0
4530	0
4531	1
4532	0
4533	0
4538	0
4540	0
4541	1
4542	0
4544	1
4545	0
4547	1
4548	1
4549	1
4550	1
4551	1
4553	0
4554	0
4555	1
4556	1
4557	0
4558	0
4559	0
4561	0
4562	0
4563	0
4564	0
4565	0
4568	0
4569	0
4570	1
4571	0
4572	1
4573	1
4574	0
4575	1
4576	0
4577	0
4578	0
4580	1
4581	0
4582	0
4585	0
4586	0
4587	0
4588	0
4589	0
4590	1
4591	0
4592	1
4593	1
4594	0
4595	0
4596	1
4597	0
4598	0
4599	0
4600	0
4604	0
4605	0
4606	1
4607	0
4608	0
4610	0
4611	1
4612	1
4613	0
4614	1
4615	0
4616	0
4617	0
4618	0
4619	0
4620	1
4621	0
4623	0
4624	0
4625	0
4626	0
4627	1
4628	1
4629	1
4631	1
4632	0
4633	1
4634	1
4635	1
4636	1
4637	0
4638	0
4640	0
4641	0
4642	0
4643	0
4645	1
4646	0
4647	0
4648	1
4649	1
4650	0
4651	1
4652	0
4654	0
4655	0
4656	0
4657	1
4658	0
4659	0
4660	1
4661	1
4662	1
4666	0
4667	0
4668	0
4669	0
4670	0
4671	0
4672	1
4673	0
4674	0
4675	1
4676	1
4677	1
4678	0
4679	1
4680	0
4681	0
4682	0
4683	0
4686	1
4687	0
4688	0
4689	1
4690	1
4691	1
4692	0
4693	1
4694	1
4695	1
4696	1
4697	1
4698	0
4699	1
4700	1
4701	1
4702	0
4703	0
4704	1
4705	1
4707	1
4709	1
4711	0
4712	0
4713	0
4714	1
4715	0
4717	1
4718	0
4719	0
4722	0
4723	0
4724	1
4725	0
4726	0
4727	1
4729	1
4730	1
4731	0
4733	1
4735	1
4738	1
4739	0
4741	0
4742	0
4743	1
4746	1
4747	1
4748	1
4752	1
4753	1
4754	1
4755	1
4756	1
4757	0
4758	1
4759	1
4760	0
4761	1
4762	0
4763	1
4764	1
4765	0
4767	0
4769	0
4770	0
4771	0
4772	1
4775	0
4776	0
4780	0
4781	1
4784	0
4786	1
4788	0
4789	0
4790	0
4791	1
4794	0
4795	1
4796	0
4797	0
4798	0
4799	1
4800	1
4801	0
4802	1
4803	0
4805	0
4806	0
4807	1
4808	0
4809	1
4810	1
4814	1
4817	0
4818	0
4819	0
4820	1
4821	1
4822	0
4823	1
4825	0
4826	1
4827	0
4828	1
4830	1
4831	0
4832	0
4833	0
4834	1
4835	0
4837	0
4839	1
4842	0
4844	1
4845	0
4846	0
4847	0
4850	1
4851	1
4852	0
4853	0
4854	1
4855	0
4856	0
4857	0
4858	0
4859	1
4860	0
4861	0
4862	0
4863	0
4864	1
4865	0
4866	1
4868	0
4869	1
4870	0
4871	1
4872	1
4875	0
4876	0
4877	0
4879	0
4880	1
4881	1
4882	1
4883	1
4884	0
4885	1
4887	1
4888	1
4889	1
4890	0
4891	0
4892	0
4893	0
4894	0
4895	0
4896	0
4897	0
4898	0
4899	0
4900	0
4901	0
4902	0
4903	0
4904	1
4905	1
4906	1
4907	1
4908	0
4909	0
4910	1
4912	1
4914	0
4915	0
4916	1
4917	1
4919	1
4920	0
4923	1
4924	0
4925	0
4926	1
4927	1
4928	0
4929	1
4930	1
4931	1
4932	0
4933	0
4934	0
4935	0
4937	0
4938	1
4940	1
4941	1
4943	1
4944	1
4946	0
4947	0
4948	1
4949	1
4950	0
4951	0
4952	0
4953	0
4954	1
4955	1
4956	0
4957	0
4958	1
4959	0
4962	0
4966	1
4968	1
4972	0
4973	1
4974	0
4975	0
4976	0
4977	0
4978	0
4979	0
4981	1
4982	0
4983	1
4986	1
4987	1
4988	0
4989	0
4990	0
4991	1
4992	0
4993	1
4994	1
4997	1
4998	1
4999	1
5000	0
5001	0
5002	0
5004	1
5005	1
5006	0
5007	1
5009	1
5010	1
5013	1
5014	1
5015	0
5016	0
5018	1
5019	0
5020	1
5021	1
5022	0
5023	0
5024	1
5027	0
5028	0
5029	0
5030	1
5031	0
5033	1
5034	0
5035	0
5036	0
5037	0
5038	0
5039	0
5040	1
5041	1
5042	1
5043	1
5044	0
5045	0
5046	0
5047	1
5048	0
5050	1
5051	1
5052	0
5053	0
5054	0
5055	0
5056	1
5057	1
5060	1
5061	1
5062	1
5063	1
5064	1
5065	0
5066	0
5067	1
5068	0
5069	1
5071	0
5072	1
5073	1
5074	1
5075	1
5076	0
5077	0
5078	1
5079	0
5080	1
5081	1
5082	0
5083	0
5084	1
5085	1
5086	0
5087	0
5089	0
5091	0
5092	1
5093	1
5094	1
5095	0
5096	0
5097	1
5098	1
5099	1
5100	1
5102	0
5103	0
5104	0
5107	1
5108	0
5109	1
5110	0
5111	0
5112	0
5113	0
5114	1
5115	1
5116	0
5117	0
5118	1
5119	0
5120	1
5121	0
5122	0
5124	0
5125	1
5126	0
5127	1
5128	1
5130	1
5131	0
5133	1
5134	0
5136	0
5137	1
5138	0
5140	0
5141	1
5142	0
5143	1
5144	1
5146	1
5147	1
5148	0
5149	0
5150	0
5151	1
5152	0
5153	0
5154	0
5155	0
5156	1
5157	0
5158	1
5159	0
5160	1
5162	0
5163	1
5164	0
5165	0
5166	1
5167	1
5168	0
5169	1
5171	1
5172	0
5173	1
5174	1
5175	0
5176	1
5177	1
5179	0
5180	0
5181	0
5182	0
5184	1
5185	0
5186	0
5187	1
5188	0
5189	1
5190	0
5191	0
5192	0
5193	0
5194	0
5195	0
5196	1
5198	1
5199	0
5201	1
5203	1
5204	1
5206	0
5207	0
5208	0
5209	1
5210	0
5211	0
5212	1
5213	1
5215	1
5216	1
5217	0
5218	1
5220	0
5221	1
5222	0
5223	1
5224	0
5225	1
5226	0
5227	1
5228	1
5229	0
5230	0
5231	0
5233	0
5234	0
5235	0
5236	0
5237	0
5238	1
5239	0
5240	0
5241	0
5242	0
5243	1
5244	1
5245	1
5246	1
5248	1
5249	1
5250	1
5251	0
5252	0
5253	1
5256	0
5257	0
5258	0
5259	0
5260	0
5261	0
5262	0
5263	0
5264	1
5266	0
5267	0
5268	0
5269	1
5270	0
5271	0
5272	0
5273	1
5274	0
5276	0
5277	0
5278	0
5280	1
5281	0
5284	0
5285	1
5287	0
5290	1
5291	1
5292	0
5293	0
5294	0
5295	0
5296	1
5298	0
5299	0
5300	0
5301	0
5302	1
5303	1
5304	0
5306	0
5307	0
5308	1
5309	0
5310	1
5311	1
5312	0
5314	0
5316	1
5317	0
5319	1
5320	1
5322	0
5323	0
5324	0
5325	1
5327	0
5328	0
5329	0
5330	0
5331	0
5332	1
5333	0
5334	1
5336	1
5337	0
5338	0
5339	1
5340	1
5341	0
5342	0
5343	0
5344	1
5345	0
5346	0
5348	1
5349	1
5352	0
5354	1
5355	1
5356	1
5358	0
5361	1
5363	1
5364	0
5365	1
5367	1
5369	0
5370	0
5373	1
5374	0
5375	0
5376	0
5377	1
5378	0
5380	1
5381	0
5382	1
5383	0
5384	0
5385	0
5387	0
5388	1
5390	1
5391	0
5392	1
5393	0
5394	1
5395	1
5396	0
5397	1
5398	1
5399	0
5400	1
5401	1
5402	0
5403	1
5404	0
5405	1
5406	0
5407	0
5409	1
5411	1
5412	0
5413	0
5414	1
5415	0
5416	0
5417	1
5418	0
5419	1
5420	1
5421	0
5422	1
5426	0
5428	0
5429	0
5430	1
5431	1
5432	1
5433	0
5434	0
5435	1
5436	1
5437	0
5439	1
5440	1
5441	1
5442	0
5443	0
5444	1
5445	0
5446	1
5447	1
5448	1
5450	1
5451	0
5452	0
5453	1
5454	0
5456	0
5457	1
5458	1
5459	1
5460	1
5461	1
5462	0
5464	0
5465	0
5466	0
5467	0
5468	0
5469	0
5470	1
5471	1
5472	0
5473	0
5474	0
5478	0
5479	0
5481	1
5482	1
5483	0
5484	1
5485	0
5486	0
5487	0
5488	0
5489	1
5490	1
5493	0
5494	0
5495	1
5497	0
5499	0
5501	0
5502	0
5503	0
5504	1
5505	0
5506	1
5507	1
5508	0
5509	0
5510	1
5511	1
5512	0
5513	0
5514	1
5516	1
5517	1
5518	1
5519	0
5521	0
5522	0
5523	0
5525	1
5527	0
5528	1
5529	1
5530	1
5531	1
5532	0
5533	1
5534	1
5535	0
5536	0
5538	1
5539	0
5540	0
5541	1
5543	0
5544	0
5546	1
5548	1
5549	1
5550	0
5551	0
5552	1
5553	0
5554	0
5555	1
5557	0
5558	1
5560	0
5561	0
5564	1
5565	1
5566	0
5567	1
5568	1
5569	1
5570	0
5571	0
5572	0
5573	0
5574	0
5575	0
5577	1
5578	1
5579	0
5580	1
5581	0
5582	1
5583	1
5584	1
5586	0
5587	0
5589	0
5590	1
5592	0
5593	1
5594	1
5595	0
5596	0
5597	1
5598	1
5599	0
5601	0
5602	0
5604	0
5606	0
5607	1
5608	1
5609	1
5611	0
5612	0
5613	0
5614	0
5615	0
5617	0
5619	1
5622	0
5623	0
5624	0
5625	0
5626	1
5627	0
5628	1
5629	0
5631	0
5635	0
5638	1
5640	0
5642	1
5643	0
5644	1
5645	0
5646	1
5647	1
5648	0
5650	0
5651	0
5653	1
5654	0
5655	0
5657	1
5658	1
5659	0
5660	0
5661	0
5662	1
5663	0
5664	1
5666	1
5667	0
5669	1
5672	0
5673	0
5674	0
5675	0
5676	0
5677	0
5678	0
5679	0
5682	1
5683	1
5684	1
5685	0
5686	1
5687	1
5688	1
5690	1
5691	0
5692	0
5693	0
5694	0
5695	0
5696	0
5698	0
5699	0
5700	1
5701	0
5702	1
5703	1
5705	1
5707	0
5708	0
5710	0
5711	0
5712	0
5713	1
5714	0
5715	1
5716	1
5717	0
5718	0
5721	1
5722	0
5724	0
5725	1
5726	0
5727	0
5728	0
5729	1
5730	1
5732	0
5733	0
5734	0
5735	0
5736	0
5737	1
5740	0
5741	1
5742	0
5743	0
5745	1
5746	1
5747	0
5748	0
5749	0
5750	1
5751	1
5752	1
5753	1
5755	0
5756	1
5757	1
5758	1
5759	0
5760	1
5761	0
5762	0
5764	1
5765	0
5767	0
5768	1
5770	0
5771	0
5772	0
5773	0
5774	1
5775	0
5776	1
5777	1
5778	0
5779	0
5781	0
5782	0
5783	1
5784	1
5786	0
5787	0
5788	0
5789	0
5790	0
5791	1
5793	0
5794	0
5795	0
5796	0
5797	0
5798	0
5799	0
5800	0
5802	0
5803	1
5804	0
5805	0
5806	1
5808	0
5809	0
5810	1
5811	1
5812	0
5813	0
5814	0
5816	0
5818	0
5819	1
5820	1
5821	0
5822	0
5823	0
5824	1
5825	0
5826	1
5829	0
5830	1
5831	0
5832	0
5833	0
5834	1
5835	0
5836	0
5838	1
5839	0
5840	1
5841	0
5842	0
5843	0
5845	0
5846	1
5847	1
5849	0
5850	0
5852	0
5853	1
5854	1
5856	0
5857	1
5858	0
5860	0
5861	1
5862	0
5863	0
5865	0
5866	0
5867	1
5869	0
5871	0
5872	0
5873	1
5874	0
5876	1
5877	1
5880	0
5881	0
5882	0
5883	1
5885	0
5886	0
5887	0
5888	0
5889	1
5890	0
5891	1
5893	0
5894	0
5896	0
5898	1
5899	0
5900	0
5901	0
5902	1
5904	1
5905	0
5906	1
5907	0
5908	0
5911	0
5912	0
5914	0
5915	1
5916	1
5918	0
5919	1
5920	0
5922	1
5923	0
5924	0
5925	0
5926	1
5927	0
5929	0
5930	0
5931	1
5932	1
5933	0
5934	0
5935	1
5937	0
5938	0
5939	1
5941	0
5942	1
5943	1
5944	1
5947	1
5948	1
5949	1
5951	1
5953	1
5954	1
5957	1
5958	1
5959	1
5960	1
5961	1
5963	0
5964	1
5965	0
5966	0
5967	1
5968	1
5969	1
5970	0
5971	0
5972	0
5973	1
5974	0
5975	0
5976	0
5978	0
5979	0
5980	1
5982	0
5983	0
5984	0
5985	1
5986	1
5987	0
5989	1
5990	0
5991	0
5992	1
5993	1
5994	0
5995	0
5996	0
5997	0
5998	1
5999	0
6002	1
6003	1
6004	0
6006	1
6007	0
6008	1
6009	0
6010	0
6011	0
6012	0
6013	0
6015	0
6016	1
6019	0
6021	0
6022	0
6023	0
6024	0
6025	0
6026	0
6027	1
6028	1
6030	0
6031	1
6032	1
6033	1
6035	0
6036	0
6038	1
6039	1
